address,isHostedBySuperhost,location/lat,location/lng,name,numberOfGuests,pricing/rate/amount,roomType,stars,map_link
"Aamwala, Uttarakhand, India",TRUE,30.36688,77.9941,"Div Estate: Wedding Venue (Aamwala, Dehradun)",10,12601,Farm stay,4.6,"https://www.google.com/maps?q=30.36688,77.9941"
"Abu Road, Rajasthan, India",FALSE,24.53351,72.79282,ChaCha Villa,12,11082,Entire bungalow,4.8,"https://www.google.com/maps?q=24.53351,72.79282"
"Achrol, Rajasthan, India",FALSE,27.13538,75.96086,The Foothills Villas -  A nature's home in Aravali,16,11722,Farm stay,4.6,"https://www.google.com/maps?q=27.13538,75.96086"
"Agra, Uttar Pradesh, India",TRUE,27.14421,78.04574,Two rooms set with rooftop garden,4,10481,Private room in home,4.6,"https://www.google.com/maps?q=27.14421,78.04574"
"Ahmedabad, Gujarat, India",FALSE,23.071,72.557,Recently Renovated Bungalow in the Heart of City,16,10481,Entire bungalow,4.6,"https://www.google.com/maps?q=23.071,72.557"
"Ahmedabad, Gujarat, India",FALSE,23.01665,72.37177,Kalhaar blues&greens Luxurious golf Villa(entire),6,12541,Entire bungalow,4.8,"https://www.google.com/maps?q=23.01665,72.37177"
"Alappuzha, Kerala, India",FALSE,9.50274,76.35192,Angel Boat House 4 Bedroom,8,11421,Houseboat,4.6,"https://www.google.com/maps?q=9.50274,76.35192"
"Alappuzha, Kerala, India",FALSE,9.46028,76.36189,Luxury five bedroom private houseboat,15,12468,Boat,5.0,"https://www.google.com/maps?q=9.46028,76.36189"
"Alappuzha, Kerala, India",FALSE,9.54289,76.35456,The Rain- 3BR Luxiries w/Breakfast and Kayaking,9,12515,Private room in villa,4.6,"https://www.google.com/maps?q=9.54289,76.35456"
"Alappuzha, Kerala, India",FALSE,9.47909,76.38724,Spice Routes Houseboats - Pepper,4,11534,Houseboat,4.6,"https://www.google.com/maps?q=9.47909,76.38724"
"Alappuzha, Kerala, India",FALSE,9.46065,76.39451,Spice Routes Houseboat- Saffron,2,12541,Houseboat,4.6,"https://www.google.com/maps?q=9.46065,76.39451"
"Alappuzha, Kerala, India",FALSE,9.54264,76.35528,"The Rain 4BHK w/Breakfast, Kayaking & Infinty Pool",12,12548,Entire villa,4.9,"https://www.google.com/maps?q=9.54264,76.35528"
"Alappuzha, Kerala, India",FALSE,9.46949,76.38729,Spice Routes Houseboats - Cinnamon,6,12698,Houseboat,4.6,"https://www.google.com/maps?q=9.46949,76.38729"
"Alappuzha, Kerala, India",FALSE,9.4925,76.39202,Spice Routes Houseboats - Clove,6,11698,Houseboat,4.6,"https://www.google.com/maps?q=9.4925,76.39202"
"Aldona, Goa, India",TRUE,15.59977,73.87164,4 Bhk Heritage home with big Pool-The Aldona House,10,10722,Entire home,4.9,"https://www.google.com/maps?q=15.59977,73.87164"
"Alibag, Maharashtra, India",FALSE,18.791,72.882,"Arabella, 4BR Luxury Pool Villa Near Mandwa Jetty",16,10458,Entire villa,4.7,"https://www.google.com/maps?q=18.791,72.882"
"Alibag, Maharashtra, India",FALSE,18.60635,72.90085,Pvt Resort with Pool at Nagaon Beach.,16,10469,Entire vacation home,4.6,"https://www.google.com/maps?q=18.60635,72.90085"
"Alibag, Maharashtra, India",FALSE,18.66683,72.87466,Private Villa in Alibaug-Mazzo Reef,4,12481,Entire home/apt,4.6,"https://www.google.com/maps?q=18.66683,72.87466"
"Alibag, Maharashtra, India",TRUE,18.72961,72.88579,Kapadia Bunglow,10,12481,Entire bungalow,4.9,"https://www.google.com/maps?q=18.72961,72.88579"
"Alibag, Maharashtra, India",FALSE,18.73712,72.87669,"The Goan Pool Villa, Amidst Mother Nature, Alibag",12,12498,Farm stay,4.1,"https://www.google.com/maps?q=18.73712,72.87669"
"Alibag, Maharashtra, India",TRUE,18.65748,72.87744,Frangipani by Hireavilla-5BR Lux Estate in Alibaug,15,12701,Entire home,4.5,"https://www.google.com/maps?q=18.65748,72.87744"
"Alibag, Maharashtra, India",FALSE,18.65904,72.87707,StayVista at Casa Bella- Luxury Villa W/Sea View,16,10842,Entire villa,4.0,"https://www.google.com/maps?q=18.65904,72.87707"
"Alibag, Maharashtra, India",FALSE,18.64594,72.89102,coconut villa 3 bhk,12,13804,Entire villa,4.7,"https://www.google.com/maps?q=18.64594,72.89102"
"Almora, Uttarakhand, India",FALSE,29.70544,79.74828,Nine Furlongs - Kakarkot - The Forest Bungalow,4,11532,Private room in nature lodge,4.6,"https://www.google.com/maps?q=29.70544,79.74828"
"Alto Porvorim, Goa, India",TRUE,15.51944,73.81883,Serviced Apartments w Pool & Breakfast for upto 12,12,12133,Room in serviced apartment,5.0,"https://www.google.com/maps?q=15.51944,73.81883"
"Ambelim, Goa, India",FALSE,15.17409,73.97429,Heritage-Portuguese Luxurious Villa in South Goa,16,10902,Entire villa,4.7,"https://www.google.com/maps?q=15.17409,73.97429"
"Amritsar, Punjab, India",FALSE,31.693,74.811,Spring Gardens & Farmstay Amritsar,16,10481,Farm stay,5.0,"https://www.google.com/maps?q=31.693,74.811"
"Amritsar, Punjab, India",FALSE,31.6253,74.8819,Walking Distance  to Golden Temple,2,48079,Room in hotel,3.8,"https://www.google.com/maps?q=31.6253,74.8819"
"Anjuna, Goa, India",FALSE,15.58744,73.74278,Pura Vida II by Hireavilla-3BR w Pool in Anjuna,9,11392,Entire villa,4.8,"https://www.google.com/maps?q=15.58744,73.74278"
"Anjuna, Goa, India",FALSE,15.60248,73.74889,LaZamora | Pool | 2.5 KM Beach | WI-FI | Anjuna,6,10399,Entire home,4.7,"https://www.google.com/maps?q=15.60248,73.74889"
"Anjuna, Goa, India",FALSE,15.583,73.759,Frangipani Villa In Idyllic Laid Back Anjuna Goa,6,12405,Entire villa,4.9,"https://www.google.com/maps?q=15.583,73.759"
"Anjuna, Goa, India",FALSE,15.58818,73.75156,Individual Luxurious 5BHK PrivatePool Villa Anjuna,15,10409,Entire villa,4.7,"https://www.google.com/maps?q=15.58818,73.75156"
"Anjuna, Goa, India",FALSE,15.603,73.752,LaViola-3bhk Lovely Private Pool Villa with Genset,7,12410,Entire home,4.7,"https://www.google.com/maps?q=15.603,73.752"
"Anjuna, Goa, India",FALSE,15.60231,73.74936,LaZamora-3bhk Lavish Villa with Private Pool,7,11411,Entire villa,4.7,"https://www.google.com/maps?q=15.60231,73.74936"
"Anjuna, Goa, India",FALSE,15.60369,73.74936,LaZamora-3bhk Serene Private Pool Villa in Vagator,6,12411,Entire home,4.7,"https://www.google.com/maps?q=15.60369,73.74936"
"Anjuna, Goa, India",FALSE,15.6036,73.7503,LaZamora-3bhk Pvt pool villa with garden & terrace,6,10411,Entire home,4.7,"https://www.google.com/maps?q=15.6036,73.7503"
"Anjuna, Goa, India",FALSE,15.60411,73.75029,LaZamora | Jacuzzi | Genset | WI-FI | Anjuna,6,10411,Entire home,5.0,"https://www.google.com/maps?q=15.60411,73.75029"
"Anjuna, Goa, India",FALSE,15.58452,73.74153,Serene Seven Frangipanni Villas Anjuna,12,12443,Entire home,5.0,"https://www.google.com/maps?q=15.58452,73.74153"
"Anjuna, Goa, India",FALSE,15.6,73.747,LaSierra | 3bhk | Cosy Pvt Pool Villa | Breakfast,7,11468,Entire home,4.9,"https://www.google.com/maps?q=15.6,73.747"
"Anjuna, Goa, India",FALSE,15.5877,73.765,Serene Flores French Style Boutique Villa,12,10553,Entire villa,4.7,"https://www.google.com/maps?q=15.5877,73.765"
"Anjuna, Goa, India",TRUE,15.59174168,73.76814341,Rah - 5 BHK Luxury Villa by Vio Stays in Assagao,13,10600,Entire home,4.7,"https://www.google.com/maps?q=15.59174168,73.76814341"
"Anjuna, Goa, India",FALSE,15.5804,73.75759,Pura Vida I by Hireavilla-5BR w Pvt pool in Anjuna,15,12771,Entire villa,4.9,"https://www.google.com/maps?q=15.5804,73.75759"
"Anjuna, Goa, India",FALSE,15.57058,73.7415,Private Beach Touch Villa,4,11902,Entire villa,4.7,"https://www.google.com/maps?q=15.57058,73.7415"
"Anjuna, Goa, India",FALSE,15.58917,73.75996,Azara Serenidad 5BHK Private Pool Villa in Anjuna,10,11185,Entire villa,4.7,"https://www.google.com/maps?q=15.58917,73.75996"
"Arambol, Goa, India",TRUE,15.64017,73.71949,Exotic beachfront 6BR private pool Ashvem,16,11518,Entire bungalow,4.8,"https://www.google.com/maps?q=15.64017,73.71949"
"Arpora, Goa, India",FALSE,15.55209,73.75725,6BHK Opulent Luxury Villa with private pool @ Baga,12,12481,Entire villa,4.7,"https://www.google.com/maps?q=15.55209,73.75725"
"Arpora, Goa, India",FALSE,15.57131,73.75704,"Villa Arcadia 6BHK : Jacuzzi, Pool, Garden",14,12644,Entire villa,4.7,"https://www.google.com/maps?q=15.57131,73.75704"
"Arpora, Goa, India",TRUE,15.535,73.767,Stunning Luxury 16 bedroom Villa + Private Pool,16,13172,Entire villa,4.7,"https://www.google.com/maps?q=15.535,73.767"
"Arpora, Goa, India",FALSE,15.54944,73.7637,"Paloma, Baale Resort Goa, Luxury 3 Bedroom Villa",8,12385,Private room in resort,4.3,"https://www.google.com/maps?q=15.54944,73.7637"
"Arpora, Goa, India",FALSE,15.54762,73.76425,"Koi, Baale Resort Goa, Luxury 4 Bedroom Villa",10,13529,Private room in resort,4.3,"https://www.google.com/maps?q=15.54762,73.76425"
"Aru, India",FALSE,34.09091,75.26407,Pahalgham Cottage Next to the River,10,11782,Entire cottage,4.8,"https://www.google.com/maps?q=34.09091,75.26407"
"Aryad South, Kerala, India",TRUE,9.52124,76.35633,9bedroom premium houseboat,16,12728,Houseboat,4.6,"https://www.google.com/maps?q=9.52124,76.35633"
"Ashapura, Nasirabad , India",FALSE,26.29586,74.73548,Peeli Kothi is ideal 4 shooting with heritagelook,2,14405,Farm stay,4.6,"https://www.google.com/maps?q=26.29586,74.73548"
"Ashvem Beach, Goa, India",TRUE,15.64196,73.71895,Private cottages - Beachfront boutique resort,14,12463,Hut,4.6,"https://www.google.com/maps?q=15.64196,73.71895"
"Assagao, Goa, India",FALSE,15.59958,73.77469,Indo - Portuguese Villa in Assagao,7,11147,Entire villa,4.6,"https://www.google.com/maps?q=15.59958,73.77469"
"Assagao, Goa, India",TRUE,15.60216,73.78241,"4 BHK, A Perfect Luxury Villa, Assagaon-Amanassa 1",10,11426,Entire villa,4.8,"https://www.google.com/maps?q=15.60216,73.78241"
"Assagao, Goa, India",FALSE,15.59817,73.7845,Daaya Luxury Private Pool 3BHK Villa at Assagao,6,10451,Entire villa,4.7,"https://www.google.com/maps?q=15.59817,73.7845"
"Assagao, Goa, India",TRUE,15.601,73.783,Luxe 5 BR heritage pool villa,10,10457,Entire villa,4.8,"https://www.google.com/maps?q=15.601,73.783"
"Assagao, Goa, India",FALSE,15.59308,73.77637,Luxurious 5BHK Villa With a Caretaker in Assagao,15,11498,Entire villa,4.9,"https://www.google.com/maps?q=15.59308,73.77637"
"Assagao, Goa, India",FALSE,15.602,73.783,The Project Cafe - Portuguese Villa,13,12541,Entire villa,4.7,"https://www.google.com/maps?q=15.602,73.783"
"Assagao, Goa, India",FALSE,15.59117,73.77654,Luxurious 5BHK Villa With a Caretaker in Assagao,15,11623,Entire villa,4.3,"https://www.google.com/maps?q=15.59117,73.77654"
"Assagao, Goa, India",FALSE,15.60493,-73.75071,Villa Evora by Lohono Stays,10,11640,Entire villa,4.7,"https://www.google.com/maps?q=15.60493,-73.75071"
"Assagao, Goa, India",FALSE,15.59765,73.77297,Assagao Bay: Luxury Villa by the Rose Nomad,8,11842,Entire villa,4.7,"https://www.google.com/maps?q=15.59765,73.77297"
"Assagao, Goa, India",FALSE,15.59992,73.77924,8 to 14 BR | Luxury | Single Key | Top Location,16,15209,Entire villa,4.7,"https://www.google.com/maps?q=15.59992,73.77924"
"Assonora, Goa, India",FALSE,15.62133,73.89804,Valley Meadows Farm,16,12022,Room in boutique hotel,4.9,"https://www.google.com/maps?q=15.62133,73.89804"
"Aundholi, Maharashtra, India",FALSE,18.70868,73.46052,9bhk Vibhati Resort  for Large group And Events.,16,11567,Private room in resort,4.3,"https://www.google.com/maps?q=18.70868,73.46052"
"Awas, Maharashtra, India",FALSE,18.76514,72.87878,StayVista - Pranaam - 6Bhk Luxury Alibaug,15,12912,Entire villa,4.7,"https://www.google.com/maps?q=18.76514,72.87878"
"Awas, Maharashtra, India",TRUE,18.76034,72.88551,10 BHK Luxury Villa w Pool - Modern Cottage Style,16,13325,Entire villa,4.9,"https://www.google.com/maps?q=18.76034,72.88551"
"Baga, Goa, India",FALSE,15.55843,73.75666,Cute 3 Bedroom Villa 300m from Baga Beach,6,11129,Entire villa,4.5,"https://www.google.com/maps?q=15.55843,73.75666"
"Baga, Goa, India",FALSE,15.56485,73.74799,The Baga Villa Private Pool 5BHK,15,11481,Entire villa,4.7,"https://www.google.com/maps?q=15.56485,73.74799"
"Baga, Goa, India",FALSE,15.55641,73.75528,Luxurious 5BHK Private Pool BEACH Villa @ BAGA,15,10490,Entire villa,3.3,"https://www.google.com/maps?q=15.55641,73.75528"
"Baga, Goa, India",FALSE,15.56983,73.75897,Serenity: 6BHK  Luxury Villa Pool/Parking (Baga),14,12601,Entire villa,4.8,"https://www.google.com/maps?q=15.56983,73.75897"
"Baga, Goa, India",FALSE,15.56546,73.7483,5BHK Private Pool La Baga Villa at Baga,12,11601,Entire villa,4.7,"https://www.google.com/maps?q=15.56546,73.7483"
"Baga, Goa, India",FALSE,15.56965,73.75761,Celebration: 6BHK Luxury Villa - Pool/Jaccuzi/Bar,14,12661,Entire villa,5.0,"https://www.google.com/maps?q=15.56965,73.75761"
"Bagalur, Tamil Nadu, India",FALSE,12.85945,77.87615,Gruham By Chazing Purple,10,11421,Farm stay,4.6,"https://www.google.com/maps?q=12.85945,77.87615"
"Bagru, Rajasthan, India",FALSE,26.78134,75.52838,Haveli Anirudh 7 BR with Pool near Jaipur,16,12524,Farm stay,4.6,"https://www.google.com/maps?q=26.78134,75.52838"
"Bani Park, Rajasthan, India",FALSE,26.925,75.801,Wedding @ Bungalow with Garden & Pool,16,12481,Castle,4.6,"https://www.google.com/maps?q=26.925,75.801"
"Banjar, Himachal Pradesh, India",FALSE,31.63839,77.34503,Deluxe Room,3,12822,Room in hotel,3.8,"https://www.google.com/maps?q=31.63839,77.34503"
"Barashiv, Maharashtra, India",FALSE,18.49095,72.90269,O'NEST By The Beach 8bhk villa with private pool,16,10481,Private room in resort,4.3,"https://www.google.com/maps?q=18.49095,72.90269"
"Barashiv, Maharashtra, India",FALSE,18.48283,72.90424,6BHK Private Villa with Infinity pool and Sea view,16,11203,Entire villa,4.7,"https://www.google.com/maps?q=18.48283,72.90424"
"Bardez, Goa, India",FALSE,15.59979,73.73982,Boutique 6BHK wit PrivatePool-PartyArea in Vagator,16,10605,Entire villa,4.7,"https://www.google.com/maps?q=15.59979,73.73982"
"BARDEZ, Goa, India",FALSE,15.52367,73.84667,6 Room Villa in Britona on the Mandovi River,10,11722,Entire villa,4.6,"https://www.google.com/maps?q=15.52367,73.84667"
"Bengaluru, Karnataka, India",FALSE,13.13812,77.53386,Mi Casa by Chazing Purple,10,11481,Farm stay,3.3,"https://www.google.com/maps?q=13.13812,77.53386"
"Bengaluru, Karnataka, India",FALSE,13.18346,77.57569,"Surabhi Villa, off Airport Road, Bangalore",10,10481,Entire home,5.0,"https://www.google.com/maps?q=13.18346,77.57569"
"Bengaluru, Karnataka, India",FALSE,12.86523,77.58067,"4x2BHK for weddings, haldi, mehndi, sangeet, 40pax",16,12481,Entire condo,5.0,"https://www.google.com/maps?q=12.86523,77.58067"
"Bengaluru, Karnataka, India",FALSE,12.78803,77.66133,White Escape Sky Villa Penthouse,15,12577,Entire rental unit,4.7,"https://www.google.com/maps?q=12.78803,77.66133"
"Bengaluru, Karnataka, India",FALSE,13.12752,77.56391,Luxury PoolSide Heritage Villa in Lap of Nature,16,10882,Private room in resort,4.3,"https://www.google.com/maps?q=13.12752,77.56391"
"Bengaluru, Karnataka, India",FALSE,13.06573,77.4722,Aalaya by Happy Retreats - Weddings-Family Getaway,15,14209,Farm stay,4.6,"https://www.google.com/maps?q=13.06573,77.4722"
"Bhandar Gaon, Uttarakhand, India",FALSE,30.40678,78.08064,Luxury Garden Villa Dehradun,11,10527,Entire villa,4.7,"https://www.google.com/maps?q=30.40678,78.08064"
"Bhilar, Maharashtra, India",FALSE,17.91247,73.76019,Palatial Palace,16,11481,Entire villa,4.7,"https://www.google.com/maps?q=17.91247,73.76019"
"Bhimtal, Uttarakhand, India",FALSE,29.35864,79.53659,Luxury at the lap of nature at Anantvilas!,6,12481,Private room in chalet,4.6,"https://www.google.com/maps?q=29.35864,79.53659"
"Bhuntar, Himachal Pradesh, India",FALSE,32.01248,77.29114,Aman Palace Guest House Kasol With Super Deluxe Room,3,14274,Room in hotel,3.8,"https://www.google.com/maps?q=32.01248,77.29114"
"Bhuntar, Himachal Pradesh, India",FALSE,32.01204,77.2909,Aman Palace Guest House Kasol With Deluxe Room,2,15274,Room in hotel,3.8,"https://www.google.com/maps?q=32.01204,77.2909"
"Bhuntar, Himachal Pradesh, India",FALSE,31.88656,77.14467,Shabashe,1,18684,Shared room in rental unit,4.6,"https://www.google.com/maps?q=31.88656,77.14467"
"Bijainagar, Rajasthan, India",FALSE,25.913,74.591,Bijay Niwas Palace  - A Heritage hotel,15,12722,Room in heritage hotel,4.8,"https://www.google.com/maps?q=25.913,74.591"
"Bini, Himachal Pradesh, India",FALSE,31.64675,77.34611,The Blue Sheep Tirthan,2,10421,Room in hotel,3.8,"https://www.google.com/maps?q=31.64675,77.34611"
"Brittona, Goa, India",TRUE,15.52537,73.84675,"Lux 2 Villa's with 2 cooks, Private Pool & Car",16,11754,Entire villa,4.7,"https://www.google.com/maps?q=15.52537,73.84675"
"Bujra, Rajasthan, India",FALSE,24.561,73.637,8 rooms @Castle Oodeypore,16,11962,Private room in castle,4.6,"https://www.google.com/maps?q=24.561,73.637"
"Calangute, Goa, India",FALSE,15.52981,73.76372,4 BHK SUPER LUXURY APARTMENT @ CANDOLIM,10,10430,Entire serviced apartment,4.8,"https://www.google.com/maps?q=15.52981,73.76372"
"Calangute, Goa, India",FALSE,15.53669,73.7588,Lovely wooden cottage at Calungute,3,10455,Room in boutique hotel,4.9,"https://www.google.com/maps?q=15.53669,73.7588"
"Calangute, Goa, India",FALSE,15.56914,73.75654,9 Bedroom villa with swimming pool @ Baga River,16,12490,Entire villa,4.7,"https://www.google.com/maps?q=15.56914,73.75654"
"Calangute, Goa, India",TRUE,15.535,73.766,Elevate your next Adventure at Villa Calangute Goa,16,11502,Entire home,4.7,"https://www.google.com/maps?q=15.535,73.766"
"Calangute, Goa, India",TRUE,15.535,73.768,Exquisite 9 Bedroom Family Style Mansion with Pool,16,10531,Entire home,5.0,"https://www.google.com/maps?q=15.535,73.768"
"Calangute, Goa, India",TRUE,15.533,73.762,7BHK Beach Villa with Private Pool,16,12545,Entire villa,4.9,"https://www.google.com/maps?q=15.533,73.762"
"Calangute, Goa, India",FALSE,15.53583,73.77486,Summertime - an award winning luxury villa in Goa,7,10577,Entire place,4.7,"https://www.google.com/maps?q=15.53583,73.77486"
"Calangute, Goa, India",FALSE,15.53888,73.76503,The Baga Beach Villa 5BHK with Private Pool,15,10601,Entire villa,4.7,"https://www.google.com/maps?q=15.53888,73.76503"
"Calangute, Goa, India",FALSE,15.54714,73.7644,6BHK PRIVATE POOL BEACH VILLA @ BAGA,14,10661,Entire villa,4.7,"https://www.google.com/maps?q=15.54714,73.7644"
"Calangute, Goa, India",TRUE,15.53535,73.7681,6-10BR Priv. Villa + POOL | B'FAST | STAFF | COOK,16,12680,Entire villa,4.7,"https://www.google.com/maps?q=15.53535,73.7681"
"Calangute, Goa, India",TRUE,15.54855,73.75427,"Art -inspired , Designer Calangute Beach Villa",16,11782,Entire villa,4.7,"https://www.google.com/maps?q=15.54855,73.75427"
"Calangute, Goa, India",FALSE,15.54723,73.76524,6BHK Celebrity Ultra Luxury Villa at Baga,14,12842,Entire villa,4.7,"https://www.google.com/maps?q=15.54723,73.76524"
"Calangute, Goa, India",FALSE,15.5351,73.75755,Beachfront 6+1BDR Luxury Villa With Private Pool.,12,12897,Entire home,4.8,"https://www.google.com/maps?q=15.5351,73.75755"
"Calangute, Goa, India",FALSE,15.53091,73.76345,"Hamsa Villas, Candolim Beach, Goa (Casa Sea Esta)",12,12082,Entire villa,4.7,"https://www.google.com/maps?q=15.53091,73.76345"
"Calangute, Goa, India",FALSE,15.537,73.768,CALANGUTE 2BHK NO:8,8,14007,Entire rental unit,4.3,"https://www.google.com/maps?q=15.537,73.768"
"Canacona, Goa, India",TRUE,14.96574,74.04822,Pvt pool-villa getaway 200m from Galgibaga beach,7,12421,Entire villa,5.0,"https://www.google.com/maps?q=14.96574,74.04822"
"Canacona, Goa, India",TRUE,14.9939,74.0571,"6 BHK Villa W/pool,wifi- LuaCheia,canacona , Goa",13,13220,Entire villa,4.7,"https://www.google.com/maps?q=14.9939,74.0571"
"Candolim, Goa, India",TRUE,15.51,73.774,Serenidad - 3BHK penthouse with private terrace!,8,12148,Entire serviced apartment,4.7,"https://www.google.com/maps?q=15.51,73.774"
"Candolim, Goa, India",TRUE,15.527,73.786,Whitehouse by Hireavilla - 3BR w Valley View,9,10399,Entire villa,5.0,"https://www.google.com/maps?q=15.527,73.786"
"Candolim, Goa, India",FALSE,15.53,73.766,LookNoMore 5br Pool Villa Candolim Beach 600m,13,11409,Entire villa,4.7,"https://www.google.com/maps?q=15.53,73.766"
"Candolim, Goa, India",TRUE,15.519,73.775,"3BD Pool Villa w/cook,5 Mins to Candolim Beach",8,11416,Entire villa,4.9,"https://www.google.com/maps?q=15.519,73.775"
"Candolim, Goa, India",FALSE,15.51391,73.76975,4BHK Lilac Villa with a private pool @ Candolim,10,11421,Entire villa,4.7,"https://www.google.com/maps?q=15.51391,73.76975"
"Candolim, Goa, India",FALSE,15.51987,73.76753,Serene Garden 3Bed,8,12421,Entire villa,4.7,"https://www.google.com/maps?q=15.51987,73.76753"
"Candolim, Goa, India",FALSE,15.52422,73.77366,8 BHK Luxury Villa With Private Pool - Candolim,16,12426,Entire villa,4.7,"https://www.google.com/maps?q=15.52422,73.77366"
"Candolim, Goa, India",FALSE,15.51548,73.77375,The Marine Beach Villa,12,10433,Entire villa,4.7,"https://www.google.com/maps?q=15.51548,73.77375"
"Candolim, Goa, India",FALSE,15.51186,73.76857,4BHK Rosette Villa with Private Pool at Candolim,10,11457,Entire villa,4.7,"https://www.google.com/maps?q=15.51186,73.76857"
"Candolim, Goa, India",FALSE,15.52701,73.76575,Premium 8BR villa w private pool nr candolim beach,16,11474,Entire villa,4.7,"https://www.google.com/maps?q=15.52701,73.76575"
"Candolim, Goa, India",FALSE,15.51924,73.76495,"Luxury Serviced Beach House on Candolim Beach, Goa",9,11480,Entire villa,4.4,"https://www.google.com/maps?q=15.51924,73.76495"
"Candolim, Goa, India",FALSE,15.51347,73.78744,4BHK Villa Belle Vue with Private Pool @Candolim,10,12481,Entire villa,4.7,"https://www.google.com/maps?q=15.51347,73.78744"
"Candolim, Goa, India",FALSE,15.51779,73.76391,Baleno Arco Villa,15,11481,Entire villa,4.7,"https://www.google.com/maps?q=15.51779,73.76391"
"Candolim, Goa, India",FALSE,15.51254,73.76794,"3BHK, Pvt pool, nr Beach Larisa Candolim Lux Villa",9,11513,Entire home,4.8,"https://www.google.com/maps?q=15.51254,73.76794"
"Candolim, Goa, India",TRUE,15.52543,73.78704,Cliffhouse by Hireavilla -5BR w Pvt pool in Saipem,15,10546,Entire villa,4.9,"https://www.google.com/maps?q=15.52543,73.78704"
"Candolim, Goa, India",FALSE,15.51608,73.78854,CHIKOO SKY New 5BHK Villa Private Pool Candolim,14,12550,Entire villa,4.7,"https://www.google.com/maps?q=15.51608,73.78854"
"Candolim, Goa, India",TRUE,15.51971,73.77465,2 Private Pool Villa's in Candolim - Pvt Cook,16,11561,Entire home,4.3,"https://www.google.com/maps?q=15.51971,73.77465"
"Candolim, Goa, India",FALSE,15.5166,73.76937,"Beutiful appartment near candolim beach, calangute",4,10601,Entire rental unit,4.5,"https://www.google.com/maps?q=15.5166,73.76937"
"Candolim, Goa, India",FALSE,15.51255,73.76818,"White Banyan - 5 bed, Private pool, Beach access",10,12601,Entire villa,4.4,"https://www.google.com/maps?q=15.51255,73.76818"
"Candolim, Goa, India",FALSE,15.529,73.801,Perfect Getaway - LUX 6br+pool,16,12678,Entire home,4.7,"https://www.google.com/maps?q=15.529,73.801"
"Candolim, Goa, India",FALSE,15.50387,73.77057,"Casa Pelo Mar, Goa",15,10704,Entire villa,5.0,"https://www.google.com/maps?q=15.50387,73.77057"
"Candolim, Goa, India",TRUE,15.526,73.787,VILLA NO 6(nearly a acre plot)with a pool,13,12722,Entire villa,5.0,"https://www.google.com/maps?q=15.526,73.787"
"Candolim, Goa, India",FALSE,15.51782,73.76411,8BHK(2X4) Super Luxurious @candolim,16,12782,Entire serviced apartment,4.8,"https://www.google.com/maps?q=15.51782,73.76411"
"Candolim, Goa, India",FALSE,15.5164,73.76705,Luxurious Serviced 6BHK Villa on Candolim Beach,12,12798,Entire home,4.8,"https://www.google.com/maps?q=15.5164,73.76705"
"Candolim, Goa, India",FALSE,15.52253,73.76319,"Hamsa Villas, Candolim Beach, Goa (Casa Sea Vista)",12,13143,Entire villa,5.0,"https://www.google.com/maps?q=15.52253,73.76319"
"Candolim, Goa, India",FALSE,15.51716,73.76421,Ultimate 9 BHK Beach Villa on Candolim Beach,16,11153,Entire villa,4.7,"https://www.google.com/maps?q=15.51716,73.76421"
"Chalnichhina, Uttarakhand, India",TRUE,29.5547,79.80569,Hushstay x House on the Slope :Facing the Himalaya,6,10192,Farm stay,5.0,"https://www.google.com/maps?q=29.5547,79.80569"
"Chapora, Goa, India",FALSE,15.60545,73.74301,ElSereno-2Bhk Apt with Private Garden-North Goa,4,12140,Entire rental unit,4.8,"https://www.google.com/maps?q=15.60545,73.74301"
"Chaukariya, Rajasthan, India",FALSE,24.5219,73.61982,Three Bedroom Villa with Pool in Udaipur,10,11394,Farm stay,4.6,"https://www.google.com/maps?q=24.5219,73.61982"
"Chennai, Tamil Nadu, India",FALSE,12.70712,80.2272,"B's Hive on the Beach - ""KADAL""",10,11137,Entire cottage,4.8,"https://www.google.com/maps?q=12.70712,80.2272"
"Chennai, Tamil Nadu, India",FALSE,12.88296,80.2506,Costa Verde Seafront Villa with 24x7 Pool,15,10398,Entire home,4.8,"https://www.google.com/maps?q=12.88296,80.2506"
"Chennai, Tamil Nadu, India",FALSE,12.98354,80.26745,Beach Elegance - Sea Side Bungalow,16,12409,Entire villa,4.8,"https://www.google.com/maps?q=12.98354,80.26745"
"Chennai, Tamil Nadu, India",FALSE,12.88,80.24946,Khushana  Villa  by Baywatchstayzz,8,11442,Entire villa,4.7,"https://www.google.com/maps?q=12.88,80.24946"
"Chennai, Tamil Nadu, India",TRUE,12.74715,80.24307,Villa Waves - Bali Beach Villa on ECR near Kovalam,6,10515,Entire villa,4.9,"https://www.google.com/maps?q=12.74715,80.24307"
"Chennai, Tamil Nadu, India",FALSE,12.86294,80.24809,Regal Juhu villa by the beach Chennai.,10,10722,Entire home,4.7,"https://www.google.com/maps?q=12.86294,80.24809"
"Chennai, Tamil Nadu, India",FALSE,12.94891,80.26171,"Vedantha@33-Beach Front Pool Villa.ECR
9884458888",16,11893,Entire home,5.0,"https://www.google.com/maps?q=12.94891,80.26171"
"Chikkamagaluru,  India",FALSE,13.35488,75.66652,"Silver Fern, Homestay near Bhadra Wildlife Santury",16,10425,Private room in bed and breakfast,4.4,"https://www.google.com/maps?q=13.35488,75.66652"
"Chouk, MH, India",FALSE,18.91733,73.27612,Triangle,10,12558,Entire villa,4.7,"https://www.google.com/maps?q=18.91733,73.27612"
"Chuchot Yakma, India",FALSE,34.08691,77.5807,chomal huts,10,10541,Private room in resort,4.3,"https://www.google.com/maps?q=34.08691,77.5807"
"Coimbatore, Tamil Nadu, India",FALSE,11.03008,76.93579,Dwaraka Inn -6BR with Luxurious Pool and Garden,16,12503,Entire villa,4.7,"https://www.google.com/maps?q=11.03008,76.93579"
"Colovale, Goa, India",FALSE,15.65007,73.81935,5 BedRoom Villa on the Chapora river in Colvale,8,12722,Entire villa,4.7,"https://www.google.com/maps?q=15.65007,73.81935"
"Colovale, Goa, India",FALSE,15.64852,73.81753,7 BedRoom Villa on the Chapora River in Colvale,10,10962,Entire villa,4.6,"https://www.google.com/maps?q=15.64852,73.81753"
"Colva, Goa, India",FALSE,15.27555,73.91895,Luxurious 3bhk villa with private pool at Colva,9,12191,Entire home,3.2,"https://www.google.com/maps?q=15.27555,73.91895"
"Dabolim, Goa, India",FALSE,15.37225,73.89023,"""Splendid 3 BHk Apartments with Pool & Seaview!""",7,11601,Entire condo,2.3,"https://www.google.com/maps?q=15.37225,73.89023"
"Dehradun, Uttarakhand, India",FALSE,30.39996,78.06553,LeChateau - A Heritage French Colonial Estate,8,10409,Entire bungalow,4.8,"https://www.google.com/maps?q=30.39996,78.06553"
"Dehradun, Uttarakhand, India",FALSE,30.393,78.07247,Malsi Loghut Dehradun-Private cottage with Garden,5,10421,Private room in bed and breakfast,4.0,"https://www.google.com/maps?q=30.393,78.07247"
"Dehradun, Uttarakhand, India",TRUE,30.4101,78.06086,The Bluedoor Luxury Villa close to Mussoorie,12,10481,Entire vacation home,4.6,"https://www.google.com/maps?q=30.4101,78.06086"
"Dehradun, Uttarakhand, India",FALSE,30.31502,78.03482,"Hotel Doon's Pride, Dehradun-Superior Room",3,13581,Room in hotel,3.8,"https://www.google.com/maps?q=30.31502,78.03482"
"Dehradun, Uttarakhand, India",FALSE,30.31512,78.03483,"Hotel Doon's Pride, Dehradun-Deluxe Room",3,11756,Room in hotel,3.8,"https://www.google.com/maps?q=30.31512,78.03483"
"Delhi, India",FALSE,28.66944,77.20366,"Private Room  For LONG STAY  with attached bath,",2,11924,Private room in bed and breakfast,4.4,"https://www.google.com/maps?q=28.66944,77.20366"
"Dhanolti, Uttarakhand, India",TRUE,30.447,78.196,A Secluded Wood Cabin @ Dhanaulti (Falcon Crest ),4,12135,Entire cabin,4.9,"https://www.google.com/maps?q=30.447,78.196"
"Diveagar, Karle, Maharashtra, India",FALSE,18.15195,73.00159,Red Stone Village Farmstays - Bungalow 1,12,11421,Farm stay,4.6,"https://www.google.com/maps?q=18.15195,73.00159"
"Dodamarg Maharashtra, India",FALSE,15.68105,74.05407,Shivaaz Holiday Farms - Near Mopa Airport Goa,16,10463,Farm stay,4.6,"https://www.google.com/maps?q=15.68105,74.05407"
"Dona Paula, Goa, India",FALSE,15.45413,73.83351,Luxe Private Pool Sea View villa,12,10512,Entire villa,4.8,"https://www.google.com/maps?q=15.45413,73.83351"
"Dona Paula, Goa, India",FALSE,15.4557,73.79935,Villa Serene - Private pool villa,10,12601,Entire villa,4.7,"https://www.google.com/maps?q=15.4557,73.79935"
"Dona Paula, Goa, India",FALSE,15.45279,73.80111,TROPICAL VIBES 5BHK Luxury Beach House,14,11660,Entire villa,4.6,"https://www.google.com/maps?q=15.45279,73.80111"
"Ernakulam, Kerala, India",FALSE,9.89654,76.33206,976 Panangad,8,11661,Entire villa,4.7,"https://www.google.com/maps?q=9.89654,76.33206"
"Gadherni, Himachal Pradesh, India",FALSE,32.21399,77.18382,Princess Villa Manali,16,12601,Room in boutique hotel,4.9,"https://www.google.com/maps?q=32.21399,77.18382"
"Ganaheda, Rajasthan, India",FALSE,26.49372,74.5383,Lux farm resort with pool - Villa,12,12804,Farm stay,4.6,"https://www.google.com/maps?q=26.49372,74.5383"
"Garat Pur Bas, Haryana, India",FALSE,28.32043,77.02146,The Bistendu Resort - Private Boutique Resort 7bhk,16,12490,Room in boutique hotel,4.8,"https://www.google.com/maps?q=28.32043,77.02146"
"Gauravaddo, Calangute, Goa, India",TRUE,15.535,73.767,Unique Breathtaking Luxury Villa with Party Room,10,10888,Entire home,4.3,"https://www.google.com/maps?q=15.535,73.767"
"Calangute, Goa, India",TRUE,15.51444,73.76619,"3 Bhk Luxury Beach Villa.
HAPPY 2 U 
Candolim.",10,10139,Entire bungalow,4.9,"https://www.google.com/maps?q=15.51444,73.76619"
"Calangute, Goa, India",TRUE,15.5987,73.75698,"Vagator ,Cosy & Modern 3 bedroom villa for 8",8,11196,Entire villa,5.0,"https://www.google.com/maps?q=15.5987,73.75698"
"Vagator, Goa, India",TRUE,15.535,73.767,Mingle with the Stars in an Open to Sky Bathroom,16,10425,Entire home,4.9,"https://www.google.com/maps?q=15.535,73.767"
"Candolim, Goa, India",FALSE,15.52667,73.76136,3- bedroom Villa with pvt  swimming pool,6,11439,Private room in resort,4.3,"https://www.google.com/maps?q=15.52667,73.76136"
"Vagator, Goa, India",FALSE,15.49949,73.7951,4bhk Sea View Villa @reismagos Candolim,12,12457,Entire home,4.7,"https://www.google.com/maps?q=15.49949,73.7951"
"Candolim, Goa, India",TRUE,15.535,73.767,Private Luxury Home With Spacious Design,14,12473,Entire home,4.7,"https://www.google.com/maps?q=15.535,73.767"
"Calangute, Goa, India",FALSE,15.5421,73.81115,4BR Casa Do Amor Pvt Pool & Breakfast,11,12480,Entire villa,4.7,"https://www.google.com/maps?q=15.5421,73.81115"
"Candolim, Goa, India",TRUE,15.31553,73.91299,Luxury Boutique Hotel.,16,12880,Room in boutique hotel,4.9,"https://www.google.com/maps?q=15.31553,73.91299"
"Calangute, Goa, India",TRUE,15.535,73.767,"Escape to Paradise, Your Group Getaway 12-36 Pax",16,10978,Entire villa,5.0,"https://www.google.com/maps?q=15.535,73.767"
"Candolim, Goa, India",FALSE,15.504,73.866,Best view of the river from your terrace 04,4,19900,Private room in home,4.0,"https://www.google.com/maps?q=15.504,73.866"
"Gokarna, Karnataka, India",TRUE,14.54024,74.33685,Kahani Paradise by Hireavilla- 6BR Overlooking Sea,3,10472,Entire villa,4.7,"https://www.google.com/maps?q=14.54024,74.33685"
"Govind Nagar, Andaman and Nicobar Islands, India",FALSE,12.03632,92.99161,Gypsy Divers Dive Resort-Standard Room,3,17274,Room in hotel,3.8,"https://www.google.com/maps?q=12.03632,92.99161"
"Guirim, Goa, India",FALSE,15.56865,73.8132,Super Luxury 4BHK Villa with Excellent Service,12,10902,Entire villa,4.7,"https://www.google.com/maps?q=15.56865,73.8132"
"Gurgaon, Haryana, India",FALSE,28.27546,76.85812,"Ivy Bridge- Luxurious, Green with Pool & Jacuzzi",14,10447,Farm stay,4.5,"https://www.google.com/maps?q=28.27546,76.85812"
"Gurgaon, Haryana, India",TRUE,28.37695,77.07406,Chopra Farms Gurgaon-Private 5bhk Farm Villa,16,11481,Farm stay,4.9,"https://www.google.com/maps?q=28.37695,77.07406"
"Gurugram, Haryana, India",FALSE,28.36201,76.95057,"Farm Villa  with pool near NH 8, Bonfire",14,10132,Entire home,3.9,"https://www.google.com/maps?q=28.36201,76.95057"
"Gurugram, Haryana, India",TRUE,28.289,76.929,Farm The Retreat | With Private Pool,6,10196,Farm stay,4.7,"https://www.google.com/maps?q=28.289,76.929"
"Gurugram, Haryana, India",FALSE,28.27229,76.85969,4 Bedroom Boutique Farmhouse With Common Pool,12,12421,Entire villa,4.5,"https://www.google.com/maps?q=28.27229,76.85969"
"Gurugram, Haryana, India",FALSE,28.2908,76.93421,SimBliss Farmhouse with Pool near Delhi & Gurgaon,12,11472,Farm stay,4.7,"https://www.google.com/maps?q=28.2908,76.93421"
"Gurugram, Haryana, India",FALSE,28.41086,77.11119,Corbett Caravan Holidays in India by RV On,4,11481,Camper/RV,4.6,"https://www.google.com/maps?q=28.41086,77.11119"
"Gurugram, Haryana, India",FALSE,28.29159,76.93283,StayVista at The Banyan Abode w/ Pool Table & TT,16,12574,Entire villa,4.6,"https://www.google.com/maps?q=28.29159,76.93283"
"Gurugram, Haryana, India",FALSE,28.35522,77.00456,VIDEO SHOOT PACKAGE,16,11601,Farm stay,4.6,"https://www.google.com/maps?q=28.35522,77.00456"
"Gurugram, Haryana, India",FALSE,28.42572,77.03501,"Ultra luxurious Penthouse ,5 star facilities",10,10678,Entire rental unit,4.7,"https://www.google.com/maps?q=28.42572,77.03501"
"Gurugram, Haryana, India",TRUE,28.36638,77.00665,Farm resort (AC halls avb./16 rooms/40 ppl stay),16,12311,Farm stay,4.6,"https://www.google.com/maps?q=28.36638,77.00665"
"Gurugram, Haryana, India",FALSE,28.35517,77.00426,Marriage  Or Party Full Resort For 30 Persons,16,13443,Farm stay,4.6,"https://www.google.com/maps?q=28.35517,77.00426"
"Gurugram, Haryana, India",TRUE,28.36673,77.00647,Boutique destination wedding experience  50pax pkg,16,12734,Farm stay,4.6,"https://www.google.com/maps?q=28.36673,77.00647"
"Hairiya Gaon, Uttarakhand, India",FALSE,29.37481,79.5608,Villa Camelia by The Venya,6,12457,Entire home,4.7,"https://www.google.com/maps?q=29.37481,79.5608"
"Haleyangadi, Karnataka, India",FALSE,13.04605,74.78076,Mangalore Beach House: Villa Elegance,16,11481,Entire villa,4.7,"https://www.google.com/maps?q=13.04605,74.78076"
"Haripur, Himachal Pradesh, India",FALSE,32.14635,77.15806,StayVista at Hilltop Haven - 6BR✦Breakfast✦Bonfire,15,12433,Entire villa,4.7,"https://www.google.com/maps?q=32.14635,77.15806"
"Gurugram, Haryana, India",FALSE,28.37241,77.05293,Jain Farms,16,12447,Farm stay,4.6,"https://www.google.com/maps?q=28.37241,77.05293"
"Hosur , Tamil Nadu, India",FALSE,12.801,77.829,"4 LuxuryTents w/ AC, Private Pool, BBQ",16,11459,Tent,4.6,"https://www.google.com/maps?q=12.801,77.829"
"Igatpuri, Maharashtra, India",FALSE,19.68254,73.57751,Cabaral Villa: Artsy 3BHK with pool by Limestays,16,10137,Entire villa,4.4,"https://www.google.com/maps?q=19.68254,73.57751"
"Igatpuri, Maharashtra, India",FALSE,19.69109,73.57564,Alluring 3 Bedroom Villa in Igatpuri,10,10481,Entire villa,4.7,"https://www.google.com/maps?q=19.69109,73.57564"
"Jaipur, Rajasthan, India",FALSE,15.50182,73.81186,Eternia Villa | Exclusive Pool | Modernised | 7BHK,14,15007,Entire villa,4.7,"https://www.google.com/maps?q=15.50182,73.81186"
"Indore, Madhya Pradesh, India",FALSE,22.734,75.943,The Mangrove Villa,16,11430,Entire villa,4.7,"https://www.google.com/maps?q=22.734,75.943"
"Jaipur, Rajasthan, India",FALSE,26.93029,75.88596,4 BR Artisana Farm with swimming pool in Jaipur,10,10129,Farm stay,4.5,"https://www.google.com/maps?q=26.93029,75.88596"
"Jaipur, Rajasthan, India",FALSE,26.90123,75.82154,Royal Suite !,2,10131,Room in heritage hotel,4.8,"https://www.google.com/maps?q=26.90123,75.82154"
"Jaipur, Rajasthan, India",FALSE,26.92392,75.80481,Alsisar Haveli - A Heritage Home,2,12132,Entire serviced apartment,4.9,"https://www.google.com/maps?q=26.92392,75.80481"
"Jaipur, Rajasthan, India",FALSE,26.97969,75.77537,'Alberto Villa' -High end luxury mansion with pool,10,11192,Entire villa,4.7,"https://www.google.com/maps?q=26.97969,75.77537"
"Jaipur, Rajasthan, India",FALSE,26.82116,75.70489,Luxury Villa with personal pool,6,10421,Entire villa,4.3,"https://www.google.com/maps?q=26.82116,75.70489"
"Jaipur, Rajasthan, India",FALSE,26.89796,75.85622,Exclusive Palace Stay sleeps 8. The Rani Vilas,8,11421,Castle,4.6,"https://www.google.com/maps?q=26.89796,75.85622"
"Jaipur, Rajasthan, India",FALSE,26.99922,75.80218,ORGANIC FARM STAY with clay oven in Jaipur,10,12421,Farm stay,4.6,"https://www.google.com/maps?q=26.99922,75.80218"
"Jaipur, Rajasthan, India",FALSE,26.89797,75.79371,1 Manhattan •luxurious 3 bhk penthouse•,7,12478,Entire condo,3.3,"https://www.google.com/maps?q=26.89797,75.79371"
"Jaipur, Rajasthan, India",FALSE,26.92502,75.79783,StayVista at Krishnalaya Mansion Jaipur city home!,16,11524,Entire villa,4.6,"https://www.google.com/maps?q=26.92502,75.79783"
"Jaipur, Rajasthan, India",TRUE,26.92538,75.72046,"Executive 4 Rooms, Bath, Cook, Parking,",12,11553,Entire villa,4.7,"https://www.google.com/maps?q=26.92538,75.72046"
"Jaipur, Rajasthan, India",FALSE,26.925,75.801,"Pool party, Function & Events @ Heritage Bungalow",16,10567,Entire bungalow,4.8,"https://www.google.com/maps?q=26.925,75.801"
"Jaipur, Rajasthan, India",FALSE,27.04744,75.74732,WOOD HEAVEN FARMS,16,11601,Farm stay,4.6,"https://www.google.com/maps?q=27.04744,75.74732"
"Jaipur, Rajasthan, India",TRUE,26.905,75.777,Newly constructed Luxury Home: 8 Rooms: Bonfire,16,10698,Entire bungalow,4.8,"https://www.google.com/maps?q=26.905,75.777"
"Jaipur, Rajasthan, India",FALSE,26.85991,75.66909,Luxurious Independent Studio with Wifi & Kitchen,1,31690,Entire condo,4.8,"https://www.google.com/maps?q=26.85991,75.66909"
"Janedghat, Himachal Pradesh, India",FALSE,30.99192,77.20999,Premium Deluxe Room,3,16351,Room in hotel,3.8,"https://www.google.com/maps?q=30.99192,77.20999"
"Jojawar, Rajasthan, India",FALSE,25.52926,73.75535,"1BR Luxury Suite Kesarbagh w/Balcony 01 , Jojawar",3,11409,Room in boutique hotel,5.0,"https://www.google.com/maps?q=25.52926,73.75535"
"Kalwar, Rajasthan, India",FALSE,26.98848,75.58298,"Bara Bungalow Kalwar, Jaipur (Entire Bungalow)",16,13082,Entire bungalow,4.8,"https://www.google.com/maps?q=26.98848,75.58298"
"Kamshet, Maharashtra, India",FALSE,18.74762,73.54216,"Foresta by the lake, pool, turf, game room &gazebo",16,12565,Entire villa,4.7,"https://www.google.com/maps?q=18.74762,73.54216"
"Kanatal, Uttarakhand, India",FALSE,30.42662,78.32913,Avalon 5 Bedroom Cottage | Mountain View,10,12463,Entire chalet,4.7,"https://www.google.com/maps?q=30.42662,78.32913"
"Kanathur, Chennai, Tamil Nadu, India",FALSE,12.849,80.246,"Exclusive Beach Villa @ ECR, Chennai.",16,12430,Entire villa,4.8,"https://www.google.com/maps?q=12.849,80.246"
"Kanthavli, Maharashtra, India",FALSE,18.89997,73.0476,5 Bed Lavish Indoor Pool Villa on Rent near Panvel,16,11481,Entire villa,4.7,"https://www.google.com/maps?q=18.89997,73.0476"
"Karjat, Maharashtra, India",FALSE,18.92626,73.32085,JenJon Karjat Resort - Casa Rosa,8,10394,Entire villa,4.7,"https://www.google.com/maps?q=18.92626,73.32085"
"Karjat, Maharashtra, India",FALSE,18.91863,73.33386,Private Pool Villa with meals for 10+ guests.,16,11962,Entire villa,4.7,"https://www.google.com/maps?q=18.91863,73.33386"
"Karjat., Maharashtra, India",FALSE,19.72129,73.02592,Luxurious Maharaja Tents near Karjat.Heart Nature.,16,10481,Campsite,4.6,"https://www.google.com/maps?q=19.72129,73.02592"
"Kasauli, Himachal Pradesh, India",FALSE,30.88968,76.96528,pine peak villa,16,10430,Entire villa,4.9,"https://www.google.com/maps?q=30.88968,76.96528"
"Kasauli, Himachal Pradesh, India",TRUE,30.89526,77.01681,RAIMAN HOUSE | 2+2BHK Home - by HomestayDaddy,12,11481,Entire condo,4.1,"https://www.google.com/maps?q=30.89526,77.01681"
"Kasauli, Himachal Pradesh, India",FALSE,30.90024,76.96419,Exotic Farm house |6 Acre | Orchards | AC |Solan,16,12601,Farm stay,4.6,"https://www.google.com/maps?q=30.90024,76.96419"
"Kasauli, Himachal Pradesh, India",FALSE,30.902,77.016,The Anchorage by Sonali - Kasauli,6,11139,Entire cottage,4.8,"https://www.google.com/maps?q=30.902,77.016"
"Kashid, Maharashtra, India",FALSE,18.4396,72.90539,BeachO 8bhk by Unexplora,14,11541,Entire bungalow,4.8,"https://www.google.com/maps?q=18.4396,72.90539"
"Kasol, Himachal Pradesh, India",FALSE,32.00977,77.31291,Balcony With Mountain View Westros Kasol,3,15470,Room in hotel,3.8,"https://www.google.com/maps?q=32.00977,77.31291"
"Kerala, India",FALSE,11.53047,76.15498,Family superior cottage - Morning glory,4,10722,Private room in bed and breakfast,4.4,"https://www.google.com/maps?q=11.53047,76.15498"
"Khandala, Maharashtra, India",FALSE,18.779,73.381,CASA DIOS,16,12476,Entire villa,4.7,"https://www.google.com/maps?q=18.779,73.381"
"Khandala, Maharashtra, India",FALSE,18.75518,73.3726,Belle Vue Cottage - Luxury Victorian Property,16,10503,Entire bungalow,4.9,"https://www.google.com/maps?q=18.75518,73.3726"
"Khingar, Maharashtra, India",FALSE,17.90655,73.82809,Rustik Highland Villa,12,11463,Entire villa,4.7,"https://www.google.com/maps?q=17.90655,73.82809"
"Khoohdi, Rajasthan, India",FALSE,26.61888,70.70844,Swiss Luxury Tent,4,14444,Room in hotel,3.8,"https://www.google.com/maps?q=26.61888,70.70844"
"Kihim, Maharashtra, India",TRUE,18.73374,72.867,Luxury 3 BHK Villa w Pvt Pool - 2 mins to beach,10,10436,Entire home,4.9,"https://www.google.com/maps?q=18.73374,72.867"
"Kihim, Maharashtra, India",TRUE,18.73272,72.86783,14 room Luxury Beach Villa with two large Pools,16,11674,Entire villa,4.7,"https://www.google.com/maps?q=18.73272,72.86783"
"Kochi, Kerala, India",FALSE,9.9695,76.24438,Sea facing Deluxe Suites in Fort Kochi - CGH Earth,2,11448,Room in boutique hotel,4.9,"https://www.google.com/maps?q=9.9695,76.24438"
"Kochi, Kerala, India",FALSE,9.96183,76.23963,"Art Deco Bungalow with private pool, Fort Kochi",6,10480,Entire bungalow,4.8,"https://www.google.com/maps?q=9.96183,76.23963"
"Kochi, Kerala, India",FALSE,9.96072,76.23802,Beach Gate Bungalows with private pool - CGH Earth,6,10480,Entire home,4.7,"https://www.google.com/maps?q=9.96072,76.23802"
"Kochi, Kerala, India",FALSE,9.95954,76.23788,"Beachgate Bungalows by CGH Earth, Fort Kochi Beach",6,10541,Entire home,5.0,"https://www.google.com/maps?q=9.95954,76.23788"
"Kodaikanal, Tamil Nadu, India",TRUE,10.26714,77.46693,ANISREE (4 Bedroom home with valley view),8,12151,Entire home,4.8,"https://www.google.com/maps?q=10.26714,77.46693"
"Kodaikanal, Tamil Nadu, India",FALSE,10.24664,77.47499,SUNRISEONHILLS will be a perfect place to unwind.,16,11421,Private room in villa,4.6,"https://www.google.com/maps?q=10.24664,77.47499"
"Kodaikanal, Tamil Nadu, India",TRUE,10.25245,77.47624,Sama Farms,16,12446,Farm stay,4.6,"https://www.google.com/maps?q=10.25245,77.47624"
"Kodaikanal, Tamil Nadu, India",FALSE,10.26,77.478,"Le Mistral, Kodai - Luxury Villa",12,11476,Entire home,4.7,"https://www.google.com/maps?q=10.26,77.478"
"Kolkata, West Bengal, India",FALSE,22.516,88.351,The best place to stay in South Kolkata,4,16013,Entire condo,4.3,"https://www.google.com/maps?q=22.516,88.351"
"Kotagiri, Tamil Nadu, India",FALSE,11.42827227,76.85974585,Rayne Forest - Luxury 5 BR Villa in Kotagiri,16,11471,Entire villa,4.7,"https://www.google.com/maps?q=11.42827227,76.85974585"
"Kotagiri, Tamil Nadu, India",FALSE,11.40863588,76.89354926,Villa Mystique | Luxury 8BR in Tea Plantations,16,10487,Entire villa,4.7,"https://www.google.com/maps?q=11.40863588,76.89354926"
"Kothali, Uttarakhand, India",FALSE,30.22123,79.366,Kothli Hills,10,10460,Private room in earthen home,4.6,"https://www.google.com/maps?q=30.22123,79.366"
"Krishnagiri, Tamil Nadu, India",FALSE,12.80213,77.82934,10 Bedrooms in a Resort with a Swimming Pool,16,12421,Private room in resort,4.3,"https://www.google.com/maps?q=12.80213,77.82934"
"Krishnagiri, Tamil Nadu, India",FALSE,12.80346,77.82947,Resort stay with a Pool for large groups,16,11421,Private room in resort,4.3,"https://www.google.com/maps?q=12.80346,77.82947"
"Kukas, Rajasthan, India",FALSE,27.08777,75.88661,Natural Pearl Farms,8,12842,Farm stay,4.6,"https://www.google.com/maps?q=27.08777,75.88661"
"Kullu, Himachal Pradesh, India",FALSE,32.03766,77.14406,"Himalayan Kothi, Kais",2,11203,Room in boutique hotel,4.9,"https://www.google.com/maps?q=32.03766,77.14406"
"Kumarakom, Kerala, India",FALSE,9.634,76.41762,"Luxury Pool Villa, Coconut Lagoon - CGH Earth",2,12439,Room in resort,4.7,"https://www.google.com/maps?q=9.634,76.41762"
"Kumarakom, Kerala, India",FALSE,9.58526,76.42267,5 Lakeside Villas For Up To 27 Person In Kumarakom,16,10601,Entire villa,4.7,"https://www.google.com/maps?q=9.58526,76.42267"
"Kumarakom, Kerala, India",FALSE,9.58518,76.42182,"Lakeside 20 AC Rooms In Kumarakom, Kerala, India",16,11788,Farm stay,4.6,"https://www.google.com/maps?q=9.58518,76.42182"
"Kumdal, Maharashtra, India",FALSE,19.70887,73.00706,Pasiiflora (Wada),16,10533,Farm stay,4.6,"https://www.google.com/maps?q=19.70887,73.00706"
"Kune N.m., Maharashtra, India",FALSE,18.76399,73.39248,Myna Villa I,16,12397,Entire villa,3.3,"https://www.google.com/maps?q=18.76399,73.39248"
"Kune N.m., Maharashtra, India",FALSE,18.75698,73.39004,StayVista La Palm 8BR w/Pool/Steam & Sauna Room,16,11579,Entire villa,4.7,"https://www.google.com/maps?q=18.75698,73.39004"
"Kune N.m., Maharashtra, India",FALSE,18.77096,73.37924,PALACiO - 6BHK Mansion,16,12598,Entire villa,4.7,"https://www.google.com/maps?q=18.77096,73.37924"
"Kutta, KA, India",FALSE,11.96295,76.02185,7 bedrooms # private riverside #serenehome,16,12421,Entire place,4.7,"https://www.google.com/maps?q=11.96295,76.02185"
"Lanja, Maharashtra, India",FALSE,16.881,73.468,TERRAKOT....A Mango Breeze!,9,10192,Farm stay,4.6,"https://www.google.com/maps?q=16.881,73.468"
"Lonavala, Maharashtra, India",FALSE,18.77964,73.38772,The Most Luxurious Villa With Private Swimming,16,12133,Entire villa,3.8,"https://www.google.com/maps?q=18.77964,73.38772"
"Lonavala, Maharashtra, India",FALSE,18.76309,73.40182,Elegant Villa: Luxury 4BHK by Limestays,16,10133,Entire villa,4.6,"https://www.google.com/maps?q=18.76309,73.40182"
"Lonavala, Maharashtra, India",FALSE,18.7641,73.40108,Shalimar Royal: Luxurious 4BHK Villa by Limestays,16,11133,Entire villa,4.4,"https://www.google.com/maps?q=18.7641,73.40108"
"Lonavala, Maharashtra, India",TRUE,18.76322,73.44223,3BHK Pool Villa 36 by The Rentalgram,10,12150,Entire villa,4.7,"https://www.google.com/maps?q=18.76322,73.44223"
"Lonavala, Maharashtra, India",FALSE,18.73217,73.40168,StayVista Scenic View - 4BR Bungalow 89,12,11193,Entire villa,4.4,"https://www.google.com/maps?q=18.73217,73.40168"
"Lonavala, Maharashtra, India",TRUE,18.74743,73.42289,Modi House,16,12194,Entire bungalow,4.7,"https://www.google.com/maps?q=18.74743,73.42289"
"Lonavala, Maharashtra, India",FALSE,18.7836,73.45572,Casa di Vetro by Lifestyle Villa-4bhk Luxury Villa,15,12393,Entire villa,4.7,"https://www.google.com/maps?q=18.7836,73.45572"
"Lonavala, Maharashtra, India",FALSE,18.74584,73.4121,"Luxurious 5bhk bunglow ""60 ML Chalet "" Max 35 ppl",15,10397,Entire bungalow,4.8,"https://www.google.com/maps?q=18.74584,73.4121"
"Lonavala, Maharashtra, India",FALSE,18.73289,73.36982,Amidst nature a unique & premium 9 bedroom Villa,16,11402,Entire villa,4.7,"https://www.google.com/maps?q=18.73289,73.36982"
"Lonavala, Maharashtra, India",FALSE,18.76598,73.38261,Whitehorse Villa,16,10419,Entire bungalow,4.7,"https://www.google.com/maps?q=18.76598,73.38261"
"Lonavala, Maharashtra, India",FALSE,18.70496,73.44868,6 bedroom Villa AV Lakeside,15,10427,Entire villa,4.7,"https://www.google.com/maps?q=18.70496,73.44868"
"Lonavala, Maharashtra, India",FALSE,18.76402,73.50148,6 BHK Private Pool Villa - Alpine Riverhill Villa,16,12429,Entire villa,4.7,"https://www.google.com/maps?q=18.76402,73.50148"
"Lonavala, Maharashtra, India",FALSE,18.7532,73.3713,"Bahisht, the Heritage pool villa",8,11433,Entire villa,5.0,"https://www.google.com/maps?q=18.7532,73.3713"
"Lonavala, Maharashtra, India",FALSE,18.77835,73.38543,5 Beds Luxury Private Pool Villa in Khandala,15,11447,Entire villa,4.3,"https://www.google.com/maps?q=18.77835,73.38543"
"Lonavala, Maharashtra, India",FALSE,18.75567,73.40465,5 bedroom spacious family home. Centrally located,16,11455,Entire villa,4.5,"https://www.google.com/maps?q=18.75567,73.40465"
"Lonavala, Maharashtra, India",FALSE,18.78225,73.38634,9BHK || 30PAX || NEAR DELLA || MOUNTAIN VIEW.,16,10479,Entire villa,4.7,"https://www.google.com/maps?q=18.78225,73.38634"
"Lonavala, Maharashtra, India",FALSE,18.74761,73.39841,Lonavalalake 7bhk luxury villa with pool,15,10481,Entire villa,4.7,"https://www.google.com/maps?q=18.74761,73.39841"
"Lonavala, Maharashtra, India",FALSE,18.77809,73.38887,Mountain-view - 3BR W/Swimming Pool @Geometrica,9,10500,Entire villa,4.7,"https://www.google.com/maps?q=18.77809,73.38887"
"Lonavala, Maharashtra, India",FALSE,18.73924,73.43787,8BHK 60 ML Chalet (can accommodate 40 paxs*),16,12519,Entire bungalow,5.0,"https://www.google.com/maps?q=18.73924,73.43787"
"Lonavala, Maharashtra, India",TRUE,18.76709,73.41391,Luxury 6Bhk Crescent Private Pool Villa Lonavala,15,10523,Entire home,4.6,"https://www.google.com/maps?q=18.76709,73.41391"
"Lonavala, Maharashtra, India",FALSE,18.75271,73.40711,7BR w/ swimming pool & pool table @ Mehta Mansion,16,12530,Private room in villa,4.3,"https://www.google.com/maps?q=18.75271,73.40711"
"Lonavala, Maharashtra, India",FALSE,18.77183,73.39347,StayVista at Ayurkutir Villa - 9 BR,16,11612,Entire villa,4.7,"https://www.google.com/maps?q=18.77183,73.39347"
"Lonavala, Maharashtra, India",FALSE,18.75566,73.39192,"Villa 41- 6BR w/Pool, Poker table & Lawn",16,10619,Entire villa,4.7,"https://www.google.com/maps?q=18.75566,73.39192"
"Lonavala, Maharashtra, India",FALSE,18.67386,73.39413,Falcon Hill -Infinity pool views near Lion's point,15,12624,Entire villa,5.0,"https://www.google.com/maps?q=18.67386,73.39413"
"Lonavala, Maharashtra, India",FALSE,18.76465,73.38206,Gardenview Aurus Grande - 5BR W/Pool & Pool table,15,10636,Entire villa,4.6,"https://www.google.com/maps?q=18.76465,73.38206"
"Lonavala, Maharashtra, India",FALSE,18.77152,73.37963,PALACIO   LONAVALA,12,12902,Entire villa,4.7,"https://www.google.com/maps?q=18.77152,73.37963"
"Lonavala, Maharashtra, India",FALSE,18.70197,73.45109,StayVista at 5 rooms @ Vyoman,10,11004,Private room in villa,4.6,"https://www.google.com/maps?q=18.70197,73.45109"
"Lonavala, Maharashtra, India",FALSE,18.76805,73.41268,Aashiyaana Villa Heritage Luxury Villa With Pool,15,12203,Entire villa,4.7,"https://www.google.com/maps?q=18.76805,73.41268"
"Lonavala, Maharashtra, India",FALSE,18.70196,73.45204,StayVista at Vyoman,16,13481,Entire villa,4.7,"https://www.google.com/maps?q=18.70196,73.45204"
"Loutolim, Goa, India",FALSE,15.33419,73.97759,Casa Susegad - Restored Indo-Portuguese Mansion,14,11902,Entire villa,4.7,"https://www.google.com/maps?q=15.33419,73.97759"
"Lucknow, Uttar Pradesh, India",TRUE,26.857,81.001,Luxe 9BHK Villa w/AC Lounge & Terrace in GomtiNgr,16,11397,Entire bungalow,5.0,"https://www.google.com/maps?q=26.857,81.001"
"Mahabaleshwar, Maharashtra, India",FALSE,17.92354,73.66923,Private 10 Room Farmhouse - Rare Find Mahablshwar,16,12533,Entire villa,4.7,"https://www.google.com/maps?q=17.92354,73.66923"
"Mahabaleshwar, Maharashtra, India",FALSE,17.92718,73.67217,Horizon 360 - Pet friendly villa for family,15,11548,Entire villa,4.7,"https://www.google.com/maps?q=17.92718,73.67217"
"Mahabaleshwar, Maharashtra, India",FALSE,17.966,73.663,Super Premium Bungalow with Pool | Mahabaleshwar,12,11723,Entire villa,4.7,"https://www.google.com/maps?q=17.966,73.663"
"Mahabaleshwar, Maharashtra, India",FALSE,17.92426,73.73543,StayVista at Cowboy Castle -7BR w/ Panoramic View,16,12784,Entire villa,4.7,"https://www.google.com/maps?q=17.92426,73.73543"
"Mahagaon, India",FALSE,18.697,73.506,Cherry Flower.,16,11546,Entire bungalow,4.5,"https://www.google.com/maps?q=18.697,73.506"
"Manali, Himachal Pradesh, India",TRUE,32.245,77.181,4BHK: The ForestBound Cottage,10,12153,Entire villa,5.0,"https://www.google.com/maps?q=32.245,77.181"
"Manali, Himachal Pradesh, India",FALSE,32.25024,77.17428,StayVista @The Lama House 6BR w/Bonfire+Lawn+View,16,10448,Entire villa,4.7,"https://www.google.com/maps?q=32.25024,77.17428"
"Manali, Himachal Pradesh, India",FALSE,32.24638,77.18152,perfect cottage 1 km from mall road,12,10481,Private room in bed and breakfast,4.4,"https://www.google.com/maps?q=32.24638,77.18152"
"Manali, Himachal Pradesh, India",FALSE,32.28484,77.17409,ChaletShanagManali- 4 BR Chalet,8,10505,Entire chalet,4.5,"https://www.google.com/maps?q=32.28484,77.17409"
"Manali, Himachal Pradesh, India",TRUE,32.29923,77.17704,Entire boutique stay with 8 rooms Khvaab Manali,16,10962,Room in boutique hotel,4.9,"https://www.google.com/maps?q=32.29923,77.17704"
"Manali, Himachal Pradesh, India",FALSE,32.2409,77.18879,"Hamsa Villas, Manali",12,13744,Entire home,4.8,"https://www.google.com/maps?q=32.2409,77.18879"
"Manali, Himachal Pradesh, India",FALSE,32.2233,77.18228,HighQ Manali / Deluxe Room,3,19946,Room in hotel,3.8,"https://www.google.com/maps?q=32.2233,77.18228"
"Manali, Himachal Pradesh, India",FALSE,32.22352,77.18152,Highq manali / 3 BHK Cottage,9,21124,Room in hotel,3.8,"https://www.google.com/maps?q=32.22352,77.18152"
"Mandrem, Goa, India",FALSE,15.67294,73.71444,Villa Mandrem - luxury 1 acre 5BHK estate,12,12397,Entire villa,4.7,"https://www.google.com/maps?q=15.67294,73.71444"
"Mandrem, Goa, India",FALSE,15.672,73.716,The Mandrem House - 5BHK Luxury Villa with a pool,14,10440,Entire villa,4.8,"https://www.google.com/maps?q=15.672,73.716"
"Mandrem, Goa, India",FALSE,15.65609,73.7169,"Goan house, opposite ashvem beach, complete privcy",4,11445,Entire home,4.7,"https://www.google.com/maps?q=15.65609,73.7169"
"Mandrem, Goa, India",FALSE,15.66473,73.71201,Private Villa with living room and private pool,15,10711,Entire villa,3.7,"https://www.google.com/maps?q=15.66473,73.71201"
"Mandrem, Goa, India",FALSE,15.66367,73.71241,Private Villa with Pool by the beach,16,11902,Entire villa,3.8,"https://www.google.com/maps?q=15.66367,73.71241"
"Mararikulam, Kerala, India",FALSE,9.59906,76.3014,Ninteen People Accomodation at Mararikulam Beach,16,11541,Private room in bed and breakfast,4.4,"https://www.google.com/maps?q=9.59906,76.3014"
"Mararikulam, Kerala, India",FALSE,9.58429,76.3051,Flamingo lovely boutique villa 11 bed Luxury Space,16,11443,Entire home,4.7,"https://www.google.com/maps?q=9.58429,76.3051"
"Maravanthe, Karnataka, India",FALSE,13.72748,74.6406,Kundapura Beach stay: AC Deluxe Cottage,3,12421,Private room in cottage,4.6,"https://www.google.com/maps?q=13.72748,74.6406"
"Maravanthe, Karnataka, India",FALSE,13.725,74.63905,Kundapura Beach stay: AC Sun Cottage,2,12421,Private room in cottage,4.6,"https://www.google.com/maps?q=13.725,74.63905"
"Marna, Goa, India",FALSE,15.615,73.78,Private luxury 7BHK villa with swimming pool,16,11598,Entire villa,4.8,"https://www.google.com/maps?q=15.615,73.78"
"Marsur, Karnataka, India",FALSE,12.763,77.69897,"Cedar House Farm Stay, 20 mins from Koramangala",12,11135,Farm stay,4.9,"https://www.google.com/maps?q=12.763,77.69897"
"Marudanapalli, TN, India",FALSE,12.5419,77.76,Lush Resorts - 9 villas with private pool,16,12409,Private room in resort,4.3,"https://www.google.com/maps?q=12.5419,77.76"
"Mirik, West Bengal, India",TRUE,26.88462,88.18305,"Birdsong Home, entire bungalow with terrace, deck",14,10457,Entire bungalow,4.6,"https://www.google.com/maps?q=26.88462,88.18305"
"Moira, GA, India",FALSE,15.591,73.841,"the Inner Temple sanctuary, Moira, Goa",10,11412,Entire villa,4.9,"https://www.google.com/maps?q=15.591,73.841"
"Moira, Goa, India",FALSE,15.60049,73.83723,Birdsong Moira | A Unique Homestay Experience,15,10962,Entire villa,4.7,"https://www.google.com/maps?q=15.60049,73.83723"
"Morjim, Goa, India",FALSE,15.62707,73.7327,"Vedatmana By The Waves, Morjim",12,10902,Entire villa,4.7,"https://www.google.com/maps?q=15.62707,73.7327"
"Morve, Maharashtra, India",FALSE,18.65139,73.43962,Near Water Fall 3 BHK With Private Swimming Pool,12,10421,Private room in bungalow,4.8,"https://www.google.com/maps?q=18.65139,73.43962"
"Mount Abu, Rajasthan, India",FALSE,24.59639,72.71436,Bungalow with Garden & Terrace Near Nakki Lake,14,10421,Entire home,4.7,"https://www.google.com/maps?q=24.59639,72.71436"
"Mukhteshwar, Uttrakhand, India",FALSE,29.46127,79.65691,The Orchard at Peora Estates | Royal Suite,2,10391,Private room in bungalow,4.8,"https://www.google.com/maps?q=29.46127,79.65691"
"Mumbai, Maharashtra, India",FALSE,19.14178,72.80502,Entire Bungalow in Madh with pvt swimming pool XX2,16,12391,Entire bungalow,4.8,"https://www.google.com/maps?q=19.14178,72.80502"
"Mumbai, Maharashtra, India",FALSE,19.14462,72.79349,#Shubham villa available for events#,16,12454,Entire bungalow,4.8,"https://www.google.com/maps?q=19.14462,72.79349"
"Mumbai, Maharashtra, India",FALSE,19.19027,72.83503,Kalpataru Hometel - best AC BNB rooms in malad,16,12481,Private room in bed and breakfast,4.4,"https://www.google.com/maps?q=19.19027,72.83503"
"Mumbai, Maharashtra, India",FALSE,19.14991,72.89329,VILLA HOLLYWOOD WITH PRIVATE POOL & HUGE TERRACE.,16,11481,Private room in villa,4.6,"https://www.google.com/maps?q=19.14991,72.89329"
"Mumbai, Maharashtra, India",TRUE,19.16242,72.7834,Bougainvilla.. The perfect Getaway in Paradise,8,11601,Entire villa,5.0,"https://www.google.com/maps?q=19.16242,72.7834"
"Mumbai, Maharashtra, India",FALSE,18.92245,72.83399,45 foot 3BR Yacht at Mumbai Harbour,8,11503,Boat,5.0,"https://www.google.com/maps?q=18.92245,72.83399"
"Mumbai, Maharashtra, India",FALSE,18.92181,72.83607,54 foot 3BR Luxury Yacht Mumbai Harbour,10,12924,Boat,5.0,"https://www.google.com/maps?q=18.92181,72.83607"
"Mumbai, Maharashtra, India",TRUE,19.1303,72.81246,Versova beach sunset with Mumbai coastline view,4,11428,Entire condo,4.8,"https://www.google.com/maps?q=19.1303,72.81246"
"Munnar, Kerala, India",FALSE,10.15926,77.17119,"Nature Castle(Willus villa),Munnar,Vattavada",16,10154,Entire villa,4.5,"https://www.google.com/maps?q=10.15926,77.17119"
"Mussoorie, Uttarakhand, India",FALSE,30.45416,78.08309,Raghu Niwas - Your home in the hills,16,12475,Room in boutique hotel,5.0,"https://www.google.com/maps?q=30.45416,78.08309"
"Mussoorie, Uttarakhand, India",FALSE,30.44259,78.20533,A Luxurious Mountain Bungalow with stunning views,8,12499,Entire villa,4.7,"https://www.google.com/maps?q=30.44259,78.20533"
"Nainital, Uttarakhand, India",FALSE,29.41925,79.55279,Sara's Chalet Three w/ Lawn,5,11132,Entire chalet,4.4,"https://www.google.com/maps?q=29.41925,79.55279"
"Nainital, Uttarakhand, India",FALSE,29.45992,79.65339,Sara's Chalet Two with Garden View,5,11149,Entire chalet,4.4,"https://www.google.com/maps?q=29.45992,79.65339"
"Nainital, Uttarakhand, India",FALSE,29.50948,79.63587,Meraki @ The Woodhouse Farm,6,11153,Farm stay,5.0,"https://www.google.com/maps?q=29.50948,79.63587"
"Nainital, Uttarakhand, India",FALSE,29.38566,79.45323,Emily Heritage villa Nainital,12,10421,Entire cottage,4.8,"https://www.google.com/maps?q=29.38566,79.45323"
"Nainital, Uttarakhand, India",FALSE,29.38514,79.45673,"Luxury Entire Heritage Villa, Wifi",16,10842,Entire villa,4.7,"https://www.google.com/maps?q=29.38514,79.45673"
"Nalambi, Maharashtra, India",TRUE,19.22775,73.21889,"Jumbo pool villa, Ambernath",12,10152,Farm stay,4.8,"https://www.google.com/maps?q=19.22775,73.21889"
"Nandgaon, Maharashtra, India",FALSE,18.77551,73.4101,ULTRA LUXURIOUS MANSION with Private Discotheque,16,12902,Entire villa,4.7,"https://www.google.com/maps?q=18.77551,73.4101"
"Narendra Nagar, Uttarakhand, India",FALSE,30.13509,78.30805,Pushp Villa at Amayaah Resorts,6,11706,Private room in resort,4.3,"https://www.google.com/maps?q=30.13509,78.30805"
"Nashik, Maharashtra, India",FALSE,20.07478,73.64144,GP Farm 8BH Villa,16,11505,Private room in resort,4.3,"https://www.google.com/maps?q=20.07478,73.64144"
"Nashik, Maharashtra, India",FALSE,20.01012,73.66948,StayVista at Villa Meer - 6BR w/ Pool & Huge Lawn,16,12505,Entire villa,4.3,"https://www.google.com/maps?q=20.01012,73.66948"
"Nashik, Maharashtra, India",FALSE,20.07376,73.64485,Welcome to 16 Bedroom Gem hidden in Nature!,16,13082,Farm stay,4.6,"https://www.google.com/maps?q=20.07376,73.64485"
"Nathuwakhan, Uttarakhand, India",TRUE,29.47118,79.58584,Homfortable Loshgyani Estate-Rustic forest retreat,12,12118,Farm stay,4.6,"https://www.google.com/maps?q=29.47118,79.58584"
"Navelim, Goa, India",FALSE,15.25535,73.9238,1BHK AC Room With Swimming pool,3,10722,Room in serviced apartment,4.8,"https://www.google.com/maps?q=15.25535,73.9238"
"Nawanpind Sardaran, Punjab, India",FALSE,31.981,75.399,"The Kothi, village stay, Punjab, India (VILLA)",12,10421,Farm stay,4.8,"https://www.google.com/maps?q=31.981,75.399"
"Nedumudy, Kerala, India",FALSE,9.41887,76.40641,"4BR Riverside Hideaway w/ 2 Pvt Pools, Alleppey",8,11433,Private room in nature lodge,4.6,"https://www.google.com/maps?q=9.41887,76.40641"
"Nerul , Goa, India",FALSE,15.50249,73.79117,Sunscape - Sea view 3bhk luxury apartment,6,11692,Entire rental unit,5.0,"https://www.google.com/maps?q=15.50249,73.79117"
"Nerul, Goa, India",FALSE,15.50139,73.79628,"De La Mer, 4BR Sea Facing Pool Villa in Nerul, Goa",12,10407,Entire villa,4.7,"https://www.google.com/maps?q=15.50139,73.79628"
"Nerul, Goa, India",FALSE,15.5003,73.79552,4BHK PRIVATE POOL + SEA VIEW + CARETAKER -CANDOLIM,12,11495,Entire villa,4.3,"https://www.google.com/maps?q=15.5003,73.79552"
"Nerul, Goa, India",FALSE,15.50773,73.80062,11BHK (5+6)LUXURY PRIVATE POOL VILLA near CANDOLIM,16,10601,Entire villa,4.7,"https://www.google.com/maps?q=15.50773,73.80062"
"Nerul, Goa, India",FALSE,15.50076,73.80018,Sea View Villa with infinity pool,10,11601,Entire villa,5.0,"https://www.google.com/maps?q=15.50076,73.80018"
"Nerul, Goa, India",TRUE,15.51149,73.78643,7BR Super Luxury Villa • 2 Private Pool • Candolim,16,10731,Entire villa,4.7,"https://www.google.com/maps?q=15.51149,73.78643"
"Nerul, Goa, India",FALSE,15.50637,73.79914,22BHK(5+5+6+6) PRIVATE POOL VILLA near CANDOLIM,16,12203,Entire villa,4.7,"https://www.google.com/maps?q=15.50637,73.79914"
"New Delhi, Delhi, India",TRUE,28.52394,77.13948,Villa spend time and make memories,10,11150,Entire villa,4.7,"https://www.google.com/maps?q=28.52394,77.13948"
"New Delhi, Delhi, India",FALSE,28.49507,77.13505,Brookwood Gardens Swimming Pool Villa 5 BHK,16,10421,Farm stay,4.6,"https://www.google.com/maps?q=28.49507,77.13505"
"New Delhi, Delhi, India",FALSE,28.44201,77.20986,The Tree House,2,10469,Treehouse,4.6,"https://www.google.com/maps?q=28.44201,77.20986"
"New Delhi, Delhi, India",FALSE,28.56747,77.16195,Cameo art house 1,2,10481,Private room in bed and breakfast,4.8,"https://www.google.com/maps?q=28.56747,77.16195"
"New Delhi, Delhi, India",FALSE,28.45914,77.20017,Golden Arch-5 Bedroom Farm House,10,11481,Entire villa,4.6,"https://www.google.com/maps?q=28.45914,77.20017"
"New Delhi, Delhi, India",FALSE,28.4439,77.20693,Iraluxe,4,12541,Farm stay,4.6,"https://www.google.com/maps?q=28.4439,77.20693"
"New Delhi, Delhi, India",FALSE,28.43781,77.18884,Farmhouse with pool for #photo shoot !!!,16,12601,Farm stay,4.6,"https://www.google.com/maps?q=28.43781,77.18884"
"New Delhi, Delhi, India",FALSE,28.64295,77.17428,Stay in heritage house in the heart of city,15,10601,Entire home,4.7,"https://www.google.com/maps?q=28.64295,77.17428"
"New Delhi, Delhi, India",FALSE,28.49231,77.21424,★ Farmhouse for your Socially-Distanced Parties ★,10,12613,Private room in farm stay,4.6,"https://www.google.com/maps?q=28.49231,77.21424"
"New Delhi, Delhi, India",FALSE,28.58985,77.24795,Colonial Bungalow in a serene locality in Delhi,15,11661,Entire bungalow,4.8,"https://www.google.com/maps?q=28.58985,77.24795"
"New Delhi, Delhi, India",FALSE,28.47924,77.15245,4bhk Luxury FarmVilla,8,11679,Entire villa,4.7,"https://www.google.com/maps?q=28.47924,77.15245"
"New Delhi, Delhi, India",FALSE,28.43926,77.18906,Farmhouse for corporate events and pool party !!!,16,11722,Farm stay,4.6,"https://www.google.com/maps?q=28.43926,77.18906"
"New Delhi, Delhi, India",FALSE,28.496,77.166,Brookwood Gardens Wedding Guest Rooms,16,12962,Farm stay,4.6,"https://www.google.com/maps?q=28.496,77.166"
"New Delhi, Delhi, India",FALSE,28.49204,77.13633,Brookwood Gardens Glasshouse Party Venue,16,12962,Farm stay,4.6,"https://www.google.com/maps?q=28.49204,77.13633"
"New Delhi, Delhi, India",FALSE,28.495,77.136,Brookwood Gardens Wedding Venue,16,11203,Farm stay,4.6,"https://www.google.com/maps?q=28.495,77.136"
"New Delhi, Delhi, India",FALSE,28.43832,77.18967,Farmhouse for wedding and pre-wedding function !!!,16,12203,Farm stay,4.6,"https://www.google.com/maps?q=28.43832,77.18967"
"New Delhi, Delhi, India",FALSE,28.44808,77.18313,PRE-WEDDING @ EXQUISITE PRIVATE FARM,16,13203,Farm stay,4.6,"https://www.google.com/maps?q=28.44808,77.18313"
"New Delhi, Delhi, India",FALSE,28.443,77.167,Farmhouse Gardens & Swimming Pool for film shoots,6,11503,Farm stay,4.6,"https://www.google.com/maps?q=28.443,77.167"
"New Delhi, Delhi, India",FALSE,28.49611,77.15379,Olive 8 Glasshouse,16,15608,Farm stay,4.6,"https://www.google.com/maps?q=28.49611,77.15379"
"New Delhi, Delhi, India",FALSE,28.49698,77.13752,Destination Wedding Venue,16,14209,Farm stay,4.6,"https://www.google.com/maps?q=28.49698,77.13752"
"New Delhi, Delhi, India",FALSE,28.575,77.232,Defence Colony A Block Apartment with elevator.,6,15209,Entire rental unit,4.9,"https://www.google.com/maps?q=28.575,77.232"
"New Delhi, Delhi, India",FALSE,28.4963,77.15165,Olive Glasshouse ~ Private Party Venue,16,16209,Entire place,4.7,"https://www.google.com/maps?q=28.4963,77.15165"
"Nilgiris, Tamil Nadu, India",FALSE,11.33,76.803,A glamorous 4 B/R Villa with gorgeous views+BBQ,10,11993,Entire villa,4.7,"https://www.google.com/maps?q=11.33,76.803"
"North Goa, Goa, India",FALSE,15.53261,73.7686,"5 bed independent villa with pvt. pool, Calangute",15,10475,Entire home,4.7,"https://www.google.com/maps?q=15.53261,73.7686"
"North Goa, Goa, India",FALSE,15.55815,73.77549,4BR Pvt Pool Villa With Chef - WiFi - North Goa,16,12481,Entire villa,4.7,"https://www.google.com/maps?q=15.55815,73.77549"
"North Goa, Goa, India",FALSE,15.499,73.779,Ziva villa with a private pool,16,10541,Entire home,4.6,"https://www.google.com/maps?q=15.499,73.779"
"North Goa, Goa, India",TRUE,15.55671,73.78139,9BHK Villa for Big Groups nr Baga & Calangute,16,10549,Entire home,4.7,"https://www.google.com/maps?q=15.55671,73.78139"
"North Goa, Goa, India",FALSE,15.552,73.767,7 Bedroom Luxury Villa + Private Pool + Beach near,16,10549,Entire villa,4.8,"https://www.google.com/maps?q=15.552,73.767"
"North Goa, Goa, India",TRUE,15.535,73.767,Indulgent Elegant with Luxury Villa Private Pool,16,10775,Entire home,4.8,"https://www.google.com/maps?q=15.535,73.767"
"North Goa, Goa, India",FALSE,15.55636,73.78057,8 Bedroom Luxury Private Pool Villa ! Breakfast,16,10842,Entire villa,4.7,"https://www.google.com/maps?q=15.55636,73.78057"
"North Goa, Goa, India",FALSE,15.56203,73.78613,Crystal Village 10 Bedroom Pvt Pool villa Nagoa,16,11854,Entire home,4.7,"https://www.google.com/maps?q=15.56203,73.78613"
"Ooty, Tamil Nadu, India",FALSE,11.41403,76.69173,6 BHK Greenwood- A Heritage Bungalow w/ huge lawn,16,12465,Entire villa,4.7,"https://www.google.com/maps?q=11.41403,76.69173"
"Palampur, Himachal Pradesh, India",FALSE,32.11185,76.53686,4 Bed room boutique villa/ Private Butler,10,12460,Entire villa,4.7,"https://www.google.com/maps?q=32.11185,76.53686"
"Panaji, Goa, India",FALSE,15.504,73.866,BnB with Antique furniture in River view place 02,2,11097,Private room in villa,4.8,"https://www.google.com/maps?q=15.504,73.866"
"Panaji, Goa, India",FALSE,15.49643,73.81885,A luxury heritage Goan Boutique villa in Panjim,15,12168,Private room in villa,4.6,"https://www.google.com/maps?q=15.49643,73.81885"
"Panchgani, Maharashtra, India",TRUE,17.943,73.807,Valley view Bungalow on rent in Panchgani,16,11190,Entire home,4.9,"https://www.google.com/maps?q=17.943,73.807"
"Panchgani, Maharashtra, India",FALSE,17.92529,73.76488,Tudor Rose - Swiss chalet with Tudor styled facade,12,10474,Entire villa,4.8,"https://www.google.com/maps?q=17.92529,73.76488"
"Panchgani, Maharashtra, India",FALSE,17.91803574,73.81090967,Hilltop's Hashnoor Villa 21,16,11481,Entire villa,4.7,"https://www.google.com/maps?q=17.91803574,73.81090967"
"Panchgani, Maharashtra, India",FALSE,17.91824,73.80685,Dazzling Hills-Pure Veg Villa by 29Bungalow,15,11550,Entire villa,4.7,"https://www.google.com/maps?q=17.91824,73.80685"
"Panchgani, Maharashtra, India",FALSE,17.93,73.804,Estella by Vista Grande,16,10595,Entire villa,4.7,"https://www.google.com/maps?q=17.93,73.804"
"Panjim, Goa, India",FALSE,15.49783,73.83033,9 Luxury Heritage Boutique stay in Fontainhas Goa,16,11842,Room in heritage hotel,4.8,"https://www.google.com/maps?q=15.49783,73.83033"
"Panna, Madhya Pradesh, India",FALSE,24.71172,80.17358,"Mohan Niwas Palace, A Heritage Homestay in Panna.",8,12443,Entire villa,4.7,"https://www.google.com/maps?q=24.71172,80.17358"
"Parra, Goa, India",FALSE,15.57267,73.77863,Luxury Boutique villa w/Pool in North Goa,12,11421,Entire villa,4.8,"https://www.google.com/maps?q=15.57267,73.77863"
"Parra, Goa, India",FALSE,15.57422,73.77815,"Deck-4 Bed-Infinity Private Pool,Arpora @North Goa",10,11545,Entire villa,4.6,"https://www.google.com/maps?q=15.57422,73.77815"
"Parra, Goa, India",TRUE,15.57329,73.7767,Perfect for Big Groups! 8BR Villa w Pool in Parra,16,12978,Entire villa,4.7,"https://www.google.com/maps?q=15.57329,73.7767"
"Pathau, Uttarakhand, India",FALSE,30.1373,78.30656,A majestic luxurious villa overlooking the Ganges,8,10913,Entire villa,4.7,"https://www.google.com/maps?q=30.1373,78.30656"
"Patna, Bihar, India",FALSE,25.59828,85.17635,HomesTel Non Ac Room,3,16418,Room in hotel,3.8,"https://www.google.com/maps?q=25.59828,85.17635"
"Pawna, Maharashtra, India",FALSE,16.87067,73.31219,O'Pearl 9bhk Beach Touch Private villa with pool,16,10601,Entire villa,4.7,"https://www.google.com/maps?q=16.87067,73.31219"
"Pawna, Maharashtra, India",FALSE,18.64502,73.50265,Blue Infinitum - Pool villa with 180° view of lake,16,12434,Entire villa,5.0,"https://www.google.com/maps?q=18.64502,73.50265"
"Pawnanagar, Maharashtra, India",FALSE,18.69732,73.51668,White Villa (127) - Amarja Hills,8,12421,Farm stay,4.6,"https://www.google.com/maps?q=18.69732,73.51668"
"Pawnanagar, Maharashtra, India",FALSE,18.6985033,73.51855949,Dam View Villa 211 (Pure Veg),12,10481,Farm stay,4.6,"https://www.google.com/maps?q=18.6985033,73.51855949"
"Penha de França, Goa, India",TRUE,15.52005,73.81814,Luxury Service Apartments w/Pool in North Goa,12,12130,Room in serviced apartment,4.7,"https://www.google.com/maps?q=15.52005,73.81814"
"Penha de França, Goa, India",FALSE,15.55129,73.81805,Dear Zindagi Villa !,10,12481,Entire villa,4.7,"https://www.google.com/maps?q=15.55129,73.81805"
"Penha de França, Goa, India",FALSE,15.544,73.817,Boohemiaa Greek Villa (With Private Pool),6,10593,Entire villa,4.7,"https://www.google.com/maps?q=15.544,73.817"
"Pravithanam, Kerala, India",FALSE,9.737,76.735,Pool Villa - The Humming Trees,16,10192,Entire villa,4.9,"https://www.google.com/maps?q=9.737,76.735"
"Puducherry, India",FALSE,11.918,79.82,Luxury Villa with Private Pool,15,10481,Entire home,4.7,"https://www.google.com/maps?q=11.918,79.82"
"Puducherry, India",TRUE,11.928,79.833,Villa Helena Heritage Guest House - Full Villa,16,12589,Private room in bed and breakfast,4.4,"https://www.google.com/maps?q=11.928,79.833"
"Pune, Maharashtra, India",TRUE,18.537,73.895,Jewelz 6 - Luxury Villa in Koregaon Park,16,10440,Entire bungalow,4.8,"https://www.google.com/maps?q=18.537,73.895"
"Pune, Maharashtra, India",FALSE,18.52454,73.87851,"A cozy, centrally located Bed and Breakfast",2,16269,Private room in condo,4.8,"https://www.google.com/maps?q=18.52454,73.87851"
"Puthenvelikara, Kerala, India",FALSE,10.18,76.236,Madilina House,10,11409,Entire villa,4.9,"https://www.google.com/maps?q=10.18,76.236"
"Raigad, Maharashtra, India",FALSE,18.4914,72.90293,By The Sea Villa.... Sea view rooms with a pool..,16,10661,Entire villa,4.7,"https://www.google.com/maps?q=18.4914,72.90293"
"Raiseena, Haryana, India",FALSE,28.31868,77.01859,12 B.room Boutique resort with pool in Gurgaon.,16,10541,Private room in resort,4.3,"https://www.google.com/maps?q=28.31868,77.01859"
"Ramgarh, Uttarakhand, India",FALSE,29.42102,79.54799,Suite 2 (The Himalayan Living Whispering Oaks),3,14381,Room in hotel,3.8,"https://www.google.com/maps?q=29.42102,79.54799"
"Ramgarh, Uttarakhand, India",FALSE,29.42237,79.54729,Entire Suite Villa (The Himalayan Living Whispering Oaks),6,15381,Room in hotel,3.8,"https://www.google.com/maps?q=29.42237,79.54729"
"Ramnagar, Uttarakhand, India",FALSE,29.33,79.049,"Jaagar - A Family Retreat in Corbett, Ramnagar",12,12481,Room in resort,4.7,"https://www.google.com/maps?q=29.33,79.049"
"Ranga Reddy, Telangana, India",FALSE,17.29038,78.23217,Experience serenity at this 2BHK pool property,14,12192,Entire villa,5.0,"https://www.google.com/maps?q=17.29038,78.23217"
"Reis Magos, Goa, India",FALSE,15.49548,73.80428,BayView 4BR Petfriendly villa Pvtpool,8,11464,Entire villa,4.7,"https://www.google.com/maps?q=15.49548,73.80428"
"Reis Magos, Goa, India",FALSE,15.49681,73.80242,DOLPHIN HEIGHTS 5BHK Sea View Pool Villa Candolim,14,10498,Entire villa,4.7,"https://www.google.com/maps?q=15.49681,73.80242"
"Reis Magos, Goa, India",FALSE,15.507,73.812,Luxurious 5+1 bhk villa with pool on river bank.,12,11541,Entire villa,4.7,"https://www.google.com/maps?q=15.507,73.812"
"Ribandar, Goa, India",FALSE,15.504,73.866,Room at Ribandar Hill ..Value for money 01,2,13203,Shared room in guest suite,4.2,"https://www.google.com/maps?q=15.504,73.866"
"Rishikesh, Uttarakhand, India",FALSE,30.10242,78.29796,Meeram Ganga-Riverside boutique stay in Rishikesh,16,10445,Room in boutique hotel,4.9,"https://www.google.com/maps?q=30.10242,78.29796"
"Rishikesh, Uttarakhand, India",FALSE,30.1241,78.30721,Luxury Cottages | 4 Bedrooms | Scenic Views,11,12449,Entire cottage,4.8,"https://www.google.com/maps?q=30.1241,78.30721"
"Rishikesh, Uttarakhand, India",FALSE,30.13704,78.30683,An extravagant Pushp villa overlooking the Ganges,8,10788,Entire villa,4.7,"https://www.google.com/maps?q=30.13704,78.30683"
"Rishikesh, Uttarakhand, India",FALSE,30.12978,78.3307,Shambhala by the ganges,12,12503,Entire villa,4.7,"https://www.google.com/maps?q=30.12978,78.3307"
"Sadahalli, Karnataka, India",FALSE,13.20511,77.63614,Swisstown Villa by JadeCaps|Theatre - Long Stays,12,11454,Entire villa,4.7,"https://www.google.com/maps?q=13.20511,77.63614"
"Saligao, Goa, India",FALSE,15.54588,73.78839,7BHK Casa-de-Flora Villa with Large private Pool,16,12481,Entire villa,4.7,"https://www.google.com/maps?q=15.54588,73.78839"
"Saligao, Goa, India",FALSE,15.55615,73.78145,Blu Grass 7 Bedroom Holiday Villa near Calangute,14,10687,Entire villa,4.7,"https://www.google.com/maps?q=15.55615,73.78145"
"Saligao, Goa, India",FALSE,15.5554,73.78126,Woods Goa Bunglow,16,10782,Entire bungalow,4.8,"https://www.google.com/maps?q=15.5554,73.78126"
"Sangolda, Goa, India",FALSE,15.54702,73.80199,Baga/calangute 7min drive- 3bhk villa with pool,12,12137,Entire villa,4.4,"https://www.google.com/maps?q=15.54702,73.80199"
"Sangolda, Goa, India",FALSE,15.54542,73.8132,Casa Da Rosa by Hireavilla - 4BR w Private pool,10,11488,Entire villa,4.9,"https://www.google.com/maps?q=15.54542,73.8132"
"Sangolda, Goa, India",FALSE,15.54225,73.81266,Monforte Villa I by Lohono Stays,8,10655,Entire home,4.7,"https://www.google.com/maps?q=15.54225,73.81266"
"Sangolda, Goa, India",FALSE,15.53822,73.81759,8 Rooms | 2 Villas | 1 Private Pool | Fab Views,16,12722,Entire villa,4.7,"https://www.google.com/maps?q=15.53822,73.81759"
"Sangolda, Goa, India",FALSE,15.54799,73.81177,12 BR Mansion | Big Groups | Private Pool | Scenic,16,11374,Entire villa,4.7,"https://www.google.com/maps?q=15.54799,73.81177"
"Sangolda, Goa, India",FALSE,15.54477,73.80395,12 Bedroom Luxurious Heritage Villa with Pool.,16,12563,Entire bungalow,4.8,"https://www.google.com/maps?q=15.54477,73.80395"
"Satirje, Maharashtra, India",FALSE,18.73987,72.89868,Baan Thai - 4 Bedroom Luxurious Villa in Alibag,8,10464,Entire villa,4.7,"https://www.google.com/maps?q=18.73987,72.89868"
"Shahpur, Maharashtra, India",FALSE,19.46364,73.37774,"7BR Goil Farms -Shahpur, 1.5hrs drive from Mumbai.",16,12707,Entire villa,4.7,"https://www.google.com/maps?q=19.46364,73.37774"
"Shashbani, Uttarakhand, India",FALSE,29.42878,79.67858,4 bedrooms at Mukteshwar; MIAGO,10,11481,Entire villa,4.7,"https://www.google.com/maps?q=29.42878,79.67858"
"Sheel, Himachal Pradesh, India",FALSE,31.1483,77.69797,7 Room Villa,14,10467,Farm stay,4.6,"https://www.google.com/maps?q=31.1483,77.69797"
"Siolim, Goa, India",TRUE,15.62359,73.76828,Riviera Sublime 3BHK Villa,10,10137,Entire villa,4.8,"https://www.google.com/maps?q=15.62359,73.76828"
"Sughandhagiry, Kerala, India",FALSE,11.58006,75.99667,A Frame Wildrootstay Orchid Family Chalet,6,11131,Farm stay,3.8,"https://www.google.com/maps?q=11.58006,75.99667"
"Tangmarg, Jammu and Kashmir, India",FALSE,34.03872933,74.40793629,StayVista at Frosty @ Frozen Fall - Drung,10,10716,Private room in villa,4.6,"https://www.google.com/maps?q=34.03872933,74.40793629"
"Thattekad, Kerala, India",FALSE,10.1069,76.70425,Sparrow Vale Resorts-Entire Property for one group,16,10414,Entire cottage,4.8,"https://www.google.com/maps?q=10.1069,76.70425"
"Tilase, Maharashtra, India",FALSE,19.64953,73.2105,The Purple Lotus,16,10661,Farm stay,4.6,"https://www.google.com/maps?q=19.64953,73.2105"
"Udaipur, Rajasthan, India",FALSE,24.4972,73.68054,Beautiful Villa for a luxurious stay,9,11421,Entire villa,4.7,"https://www.google.com/maps?q=24.4972,73.68054"
"Udaipur, Rajasthan, India",FALSE,24.49149,73.58323,Twin four poster room with view of the City Palace,3,10421,Private room in villa,4.6,"https://www.google.com/maps?q=24.49149,73.58323"
"Udaipur, Rajasthan, India",FALSE,24.5685,73.63485,Beautiful Room in Bujera Fort 15 minutes from City,3,12421,Private room in villa,4.6,"https://www.google.com/maps?q=24.5685,73.63485"
"Udaipur, Rajasthan, India",FALSE,24.48927,73.58372,Beautiful suite in Bujera viewing the city palace,3,11421,Private room in villa,4.6,"https://www.google.com/maps?q=24.48927,73.58372"
"Udaipur, Rajasthan, India",TRUE,24.57761,73.68657,The Neem Tree Udaipur Boutique Retreat,16,10481,Room in boutique hotel,4.9,"https://www.google.com/maps?q=24.57761,73.68657"
"Udaipur, Rajasthan, India",FALSE,24.58588,73.71219,"4 Burj, Jharokha Suits @Castle Oodeypore",12,12481,Private room in castle,4.6,"https://www.google.com/maps?q=24.58588,73.71219"
"Udaipur, Rajasthan, India",TRUE,24.54901,73.67723,Anagha Homestay,16,11490,Entire bungalow,4.9,"https://www.google.com/maps?q=24.54901,73.67723"
"Udaipur, Rajasthan, India",FALSE,24.5971,73.75547,10-12 person | Pool Villa | Bfast & dinner | BBQ,11,10495,Farm stay,4.6,"https://www.google.com/maps?q=24.5971,73.75547"
"Udaipur, Rajasthan, India",FALSE,24.63226,73.63276,The Rustic Pines,16,10577,Entire chalet,4.5,"https://www.google.com/maps?q=24.63226,73.63276"
"Udaipur, Rajasthan, India",FALSE,24.57298,73.64834,Farm Villa @ Devra udaipur- 8 rooms n pool,16,11577,Entire villa,4.7,"https://www.google.com/maps?q=24.57298,73.64834"
"Udaipur, Rajasthan, India",FALSE,24.49092,73.58379,Beautiful Cottage in the village of Bujera Udaipur,7,11263,Entire villa,4.7,"https://www.google.com/maps?q=24.49092,73.58379"
"Udupi, Karnataka, India",FALSE,13.37779,74.69766,Udupi Beach House: Seascape,10,10149,Private room in bungalow,4.8,"https://www.google.com/maps?q=13.37779,74.69766"
"Uttarakhand, India",TRUE,30.06396,78.5186,Aashraya on the Ganga : Himalayan Farmstay Retreat,12,12412,Farm stay,4.5,"https://www.google.com/maps?q=30.06396,78.5186"
"Vadanemmeli, Tamil Nadu, India",TRUE,12.74755,80.2436,Villa Aqua -Luxury Beach villa on ECR near Kovalam,10,11722,Entire villa,4.8,"https://www.google.com/maps?q=12.74755,80.2436"
"Vagator, Goa, India",TRUE,15.59775,73.75629,"3BHK luxury Villa-Villa Da' Sixth, Vagator- Anjuna",8,10141,Entire villa,4.8,"https://www.google.com/maps?q=15.59775,73.75629"
"Vagator, Goa, India",TRUE,15.6041,73.75412,5 Star Luxe Villa North Goa with Olympic size Pool,10,10150,Entire villa,4.9,"https://www.google.com/maps?q=15.6041,73.75412"
"Vagator, Goa, India",FALSE,15.59492,73.75086,Casa Amor in Assagao is a 4 bed private pool villa,10,11399,Entire villa,4.7,"https://www.google.com/maps?q=15.59492,73.75086"
"Vagator, Goa, India",TRUE,15.60502,73.75305,"Sol Sureno, Assagao - Luxury Private Bungalow",12,12399,Entire bungalow,4.9,"https://www.google.com/maps?q=15.60502,73.75305"
"Vagator, Goa, India",TRUE,15.604,73.752,Assagao Luxury Heritage Goan Villa with Pvt Pool,14,10477,Entire villa,4.9,"https://www.google.com/maps?q=15.604,73.752"
"Vagator, Goa, India",FALSE,15.5949,73.75217,LaMaroma | Luxurious villa|Caretaker| Pvt Pool| DG,7,11477,Entire home,4.7,"https://www.google.com/maps?q=15.5949,73.75217"
"Vagator, Goa, India",TRUE,15.59441,73.74917,12 Bedroom Heritage+ Boutique stay+ Vagator,16,12661,Entire villa,4.7,"https://www.google.com/maps?q=15.59441,73.74917"
"Vagator, Goa, India",FALSE,15.59941,73.7575,Villa Azul by Lohono Stays,10,11940,Entire villa,4.7,"https://www.google.com/maps?q=15.59941,73.7575"
"Vagator, Goa, India",FALSE,15.60224,73.78022,Serene Voyage 5 bhk in Assagao,14,12998,Entire home,4.6,"https://www.google.com/maps?q=15.60224,73.78022"
"Varanasi, Uttar Pradesh, India",FALSE,25.30747,83.00868,"BrijRama Palace, Experience Heritage with luxury.",2,11461,Room in heritage hotel,4.8,"https://www.google.com/maps?q=25.30747,83.00868"
"Varanasi, Uttar Pradesh, India",FALSE,25.30992,82.96668,Luxurious Penthouse - 11th Floor -Pickup on demand,6,11601,Entire condo,4.1,"https://www.google.com/maps?q=25.30992,82.96668"
"Varca, India",FALSE,15.22279,73.93695,A Cosy Villa near the beach in Goa,10,10134,Entire villa,4.6,"https://www.google.com/maps?q=15.22279,73.93695"
"Vashist, Himachal Pradesh, India",FALSE,32.283,77.18,"The Croft Manali- Entire Villa, Cottage, Homestay",6,12472,Entire cottage,4.8,"https://www.google.com/maps?q=32.283,77.18"
"Verla, Goa, India",TRUE,15.585,73.793,VILLA LOU GOA 1903 Heritage House withPrivate Pool,12,12419,Entire villa,5.0,"https://www.google.com/maps?q=15.585,73.793"
"Verla, Goa, India",FALSE,15.58594,73.78018,Hendrix luxury villa with private pool,16,10421,Entire villa,4.8,"https://www.google.com/maps?q=15.58594,73.78018"
"Vijayawada, Andhra Pradesh, India",FALSE,16.47685,80.70631,Dwaraka Residency Double Room Near Anjaneya Swamy Poranki Vijayawada,2,13033,Room in hotel,3.8,"https://www.google.com/maps?q=16.47685,80.70631"
"Vijayawada, Andhra Pradesh, India",FALSE,16.47665,80.70571,Dwaraka Residency Quad Occupancy Room,4,13041,Room in hotel,3.8,"https://www.google.com/maps?q=16.47665,80.70571"
"Vijayawada, Andhra Pradesh, India",FALSE,16.47528,80.70549,Dwaraka Residency Triple Room Near Anjaneya Swamy Poranki Vijayawada,3,14041,Room in hotel,3.8,"https://www.google.com/maps?q=16.47528,80.70549"
"Virajpet, Kodagu, KA, India",FALSE,12.19751,75.8028,Villa Magnolia - on a coffee plantation,8,10601,Entire bungalow,4.4,"https://www.google.com/maps?q=12.19751,75.8028"
"Waghodia, Gujarat, India",FALSE,22.33,73.534,The Wilderness Homestay and Farm,12,10533,Farm stay,4.6,"https://www.google.com/maps?q=22.33,73.534"
"Wavarle, Maharashtra, India",FALSE,18.91837,73.27995,"StayVista at Twilight Grove - 4BR w/ BBQ, Pool",12,10410,Entire villa,4.7,"https://www.google.com/maps?q=18.91837,73.27995"
"Zirad, Maharashtra, India",FALSE,18.75338,72.9123,StayVista at Amarillo Villa- Rustic 4BR W/Pool,11,11528,Entire villa,4.7,"https://www.google.com/maps?q=18.75338,72.9123"
"Zirad, Maharashtra, India",FALSE,18.75464,72.88832,Zen Villa: Luxury 5BHK Farmhouse by Limestays,16,10558,Entire villa,4.3,"https://www.google.com/maps?q=18.75464,72.88832"
"Zirad, Maharashtra, India",FALSE,18.75593,72.8881,Bougainvillea: Beautiful 6BHK Villa by Limestays,16,10773,Entire villa,4.7,"https://www.google.com/maps?q=18.75593,72.8881"
